Lat,Vel,VOR,Type,Dir,Loc
18,-246.385846819196,-0.871536000944186,H,L,1
19,-172.326224190848,-1.00973020846425,H,L,1
15,-169.743129185268,-0.79767754361871,H,L,1
19,-171.661376953125,-0.932600429985564,H,L,1
21,-156.467982700893,-0.886377335190778,H,L,1
13,-191.726684570313,-0.953598115692308,H,L,1
14,-173.17635672433,-0.871685921615953,H,L,1
19,190.484183175223,-0.871536000944186,E,L,1
27,137.841360909598,-1.00973020846425,E,L,1
22,128.686087472098,-0.79767754361871,E,L,1
21,134.222848074777,-0.932600429985564,E,L,1
25,107.846941266741,-0.886377335190778,E,L,1
15,150.658743722098,-0.953598115692308,E,L,1
22,119.083949497768,-0.871685921615953,E,L,1
20,-89.2203194754464,-0.699224684924313,H,R,1
19,-115.552629743304,-1.00590591429544,H,R,1
29,-95.8033970424107,NaN,H,R,1
18,-116.816929408482,-0.888716637483688,H,R,1
23,-98.876953125,-0.772486074267545,H,R,1
33,104.81698172433,-0.699224684924313,E,R,1
26,125.721522739955,-1.00590591429544,E,R,1
NaN,107.291085379464,NaN,E,R,1
24,123.12752859933,-0.888716637483688,E,R,1
35,108.598981584821,-0.772486074267545,E,R,1
7,-141.165597098214,-0.987026094793814,H,L,2
10,-171.290806361607,NaN,H,L,2
9,-160.576956612723,NaN,H,L,2
16,-164.217267717634,-0.956142920669315,H,L,2
15,-142.593383789063,-0.947253179320967,H,L,2
10,-182.233537946429,-1.07309127743982,H,L,2
18,-137.874058314732,-0.883899592216685,H,L,2
15,-142.102922712054,-0.878356351565557,H,L,2
14,-159.334455217634,-0.887015178209323,H,L,2
13,-144.609723772321,-0.876446114112507,H,L,2
9,-150.963919503348,-0.882737561686803,H,L,2
14,-122.048514229911,NaN,H,L,2
12,-157.187325613839,-0.866939762755779,H,L,2
20,-158.974783761161,-0.943912736580322,H,L,2
10,-149.285452706473,-0.867666534830156,H,L,2
15,-137.089320591518,-0.891848186327674,H,L,2
9,-144.337245396205,-0.831776989536197,H,L,2
15,-145.590645926339,-0.882154473044047,H,L,2
16,-161.634172712054,-0.858563928084187,H,L,2
0,-173.961094447545,NaN,H,L,2
19,-143.29092843192,-0.97280115888879,H,L,2
14,-138.233729771205,-0.900314378405627,H,L,2
3,-188.347952706473,-0.718127584492297,H,L,2
19,-138.909476143973,-0.960105001050716,H,L,2
17,-178.037370954241,-0.945606788727802,H,L,2
16,-128.31551688058,NaN,H,L,2
18,-159.60693359375,-0.919197230720004,H,L,2
13,-167.061941964286,-0.848735620309546,H,L,2
17,-169.721330915179,-0.90837705334038,H,L,2
10,-142.102922712054,NaN,H,L,2
15,-146.680559430804,-0.872158080352018,H,L,2
13,-164.402553013393,-0.819279812512002,H,L,2
11,-152.359008789063,-1.05402460867167,H,L,2
12,-155.105590820313,NaN,H,L,2
6,100.588117327009,-0.987026094793814,E,L,2
NaN,127.737862723214,NaN,E,L,2
NaN,121.350969587054,NaN,E,L,2
6,127.127511160714,-0.956142920669315,E,L,2
15,106.451851981027,-0.947253179320967,E,L,2
1,130.124773297991,-1.07309127743982,E,L,2
21,100.217546735491,-0.883899592216685,E,L,2
16,101.133074079241,-0.878356351565557,E,L,2
14,116.086687360491,-0.887015178209323,E,L,2
11,107.792445591518,-0.876446114112507,E,L,2
16,110.582624162946,-0.882737561686803,E,L,2
NaN,84.4464983258929,NaN,E,L,2
11,126.320975167411,-0.866939762755779,E,L,2
19,129.056658063616,-0.943912736580322,E,L,2
9,111.301967075893,-0.867666534830156,E,L,2
17,100.217546735491,-0.891848186327674,E,L,2
15,103.650774274554,-0.831776989536197,E,L,2
9,106.353759765625,-0.882154473044047,E,L,2
15,115.901402064732,-0.858563928084187,E,L,2
NaN,128.33731515067,NaN,E,L,2
14,99.2039271763393,-0.97280115888879,E,L,2
17,99.2911202566964,-0.900314378405627,E,L,2
26,140.021187918527,-0.718127584492297,E,L,2
9,110.255650111607,-0.960105001050716,E,L,2
18,139.60702078683,-0.945606788727802,E,L,2
NaN,91.6072300502232,NaN,E,L,2
15,117.296491350446,-0.919197230720004,E,L,2
18,127.5634765625,-0.848735620309546,E,L,2
9,131.628853934152,-0.90837705334038,E,L,2
NaN,104.413713727679,NaN,E,L,2
18,109.765189034598,-0.872158080352018,E,L,2
3,119.966779436384,-0.819279812512002,E,L,2
16,104.457310267857,-1.05402460867167,E,L,2
NaN,114.593505859375,NaN,E,L,2
26,-79.3348039899554,-0.947393227485115,H,R,2
34,-63.6073521205357,-0.931911181711092,H,R,2
22,-107.72705078125,-0.903227866352493,H,R,2
21,-105.634416852679,-0.93873653504667,H,R,2
13,-109.874180385045,-0.827204753221267,H,R,2
23,-75.1386369977679,-0.902608857333808,H,R,2
20,-87.4546595982143,-0.882686436172605,H,R,2
22,-95.2911376953125,-0.892345697499556,H,R,2
10,-116.511753627232,-0.770255718083326,H,R,2
16,-117.02401297433,-0.856403895634667,H,R,2
17,-109.601702008929,-0.891811765524141,H,R,2
19,-85.5800083705357,-0.893063328026919,H,R,2
5,-152.021135602679,-0.836875037781285,H,R,2
20,-90.4628208705357,-0.911730175567091,H,R,2
42,-47.6510184151786,NaN,H,R,2
5,-131.465366908482,-0.78049976199312,H,R,2
7,-146.113804408482,-0.740059488842455,H,R,2
17,-85.5037144252232,-0.700743127574619,H,R,2
20,-95.1930454799107,-0.892385457105995,H,R,2
12,-125.514439174107,-1.04560974662228,H,R,2
21,-87.1930803571429,-0.855493900899726,H,R,2
13,-142.201014927455,-0.750026189811483,H,R,2
25,-91.4110456194196,-0.959554248994479,H,R,2
22,-93.0895124162946,-0.861468287635595,H,R,2
12,-133.132934570313,-0.905256988460344,H,R,2
15,-104.827880859375,-0.877410702466024,H,R,2
23,-96.6862269810268,-0.896663950329376,H,R,2
27,-83.6399623325893,-0.719558873408442,H,R,2
17,-91.6617257254464,-0.91799593535255,H,R,2
33,-111.258370535714,-0.834761280539193,H,R,2
28,-68.9370291573661,-0.875323825947611,H,R,2
15,-96.5227399553571,-0.836272996864256,H,R,2
32,88.8606480189732,-0.947393227485115,E,R,2
43,69.2095075334821,-0.931911181711092,E,R,2
27,115.955897739955,-0.903227866352493,E,R,2
25,117.983136858259,-0.93873653504667,E,R,2
24,113.721575055804,-0.827204753221267,E,R,2
33,87.3565673828125,-0.902608857333808,E,R,2
34,95.5527169363839,-0.882686436172605,E,R,2
21,101.667131696429,-0.892345697499556,E,R,2
26,118.964059012277,-0.770255718083326,E,R,2
18,131.541660853795,-0.856403895634667,E,R,2
23,123.12752859933,-0.891811765524141,E,R,2
25,100.729806082589,-0.893063328026919,E,R,2
8,147.083827427455,-0.836875037781285,E,R,2
26,101.961408342634,-0.911730175567091,E,R,2
NaN,62.5392368861607,NaN,E,R,2
17,133.645193917411,-0.78049976199312,E,R,2
20,149.797712053571,-0.740059488842455,E,R,2
31,93.0023193359375,-0.700743127574619,E,R,2
27,114.528111049107,-0.892385457105995,E,R,2
24,129.013061523438,-1.04560974662228,E,R,2
30,97.3074776785714,-0.855493900899726,E,R,2
27,145.557948521205,-0.750026189811483,E,R,2
28,101.569039481027,-0.959554248994479,E,R,2
32,97.4600655691964,-0.861468287635595,E,R,2
18,126.451764787946,-0.905256988460344,E,R,2
26,114.179338727679,-0.877410702466024,E,R,2
27,106.212071010045,-0.896663950329376,E,R,2
40,91.3892473493304,-0.719558873408442,E,R,2
20,106.103079659598,-0.91799593535255,E,R,2
38,96.6644287109375,-0.834761280539193,E,R,2
35,76.9260951450893,-0.875323825947611,E,R,2
18,108.925955636161,-0.836272996864256,E,R,2
14,-202.091761997768,-0.905200902743805,H,L,3
13,-264.936174665179,-0.87220714612847,H,L,3
16,-186.985560825893,-0.940936770722378,H,L,3
13,-184.097290039063,-0.919490097144772,H,L,3
18,-174.473353794643,-0.884767700990872,H,L,3
11,-197.75390625,-0.929173385292106,H,L,3
19,-196.39151436942,-0.895635375630764,H,L,3
16,-180.21719796317,-0.875961474246629,H,L,3
14,-195.552280970982,-0.913167088723094,H,L,3
14,-178.397042410714,-0.911495586150882,H,L,3
14,-202.211652483259,-0.90340743075969,H,L,3
16,-152.718680245536,-0.992815921523859,H,L,3
13,-185.198102678571,-0.865551805200646,H,L,3
15,-187.726702008929,-0.939441901443119,H,L,3
14,-196.729387555804,-0.978387267464152,H,L,3
16,-207.105364118304,-0.333002413602853,H,L,3
10,-196.609497070313,-0.903263444050917,H,L,3
13,-205.99365234375,-0.967745219114741,H,L,3
16,-190.658569335938,-0.909557178441683,H,L,3
17,-179.672241210938,-0.872647715586545,H,L,3
14,-181.666782924107,-0.883205641039946,H,L,3
8,-181.895664760045,-0.816881235298457,H,L,3
15,-204.598563058036,-0.956634864969759,H,L,3
12,167.563302176339,-0.905200902743805,E,L,3
10,217.317853655134,-0.87220714612847,E,L,3
19,141.819545200893,-0.940936770722378,E,L,3
13,142.244611467634,-0.919490097144772,E,L,3
16,134.833199637277,-0.884767700990872,E,L,3
11,156.228201729911,-0.929173385292106,E,L,3
20,170.353480747768,-0.895635375630764,E,L,3
16,142.800467354911,-0.875961474246629,E,L,3
16,165.906633649554,-0.913167088723094,E,L,3
15,136.27188546317,-0.911495586150882,E,L,3
10,160.751342773438,-0.90340743075969,E,L,3
19,109.525408063616,-0.992815921523859,E,L,3
17,142.51708984375,-0.865551805200646,E,L,3
19,156.544276646205,-0.939441901443119,E,L,3
11,167.149135044643,-0.978387267464152,E,L,3
52,163.705008370536,-0.333002413602853,E,L,3
11,146.092006138393,-0.903263444050917,E,L,3
11,178.680419921875,-0.967745219114741,E,L,3
16,161.405290876116,-0.909557178441683,E,L,3
17,159.105573381696,-0.872647715586545,E,L,3
18,155.225481305804,-0.883205641039946,E,L,3
23,139.040265764509,-0.816881235298457,E,L,3
16,160.871233258929,-0.956634864969759,E,L,3
14,-171.094621930804,-1.00656136802044,H,R,3
18,-175.694056919643,-0.868354491432545,H,R,3
17,-182.364327566964,-0.715167598267888,H,R,3
14,-179.334368024554,-0.930377623941385,H,R,3
23,-164.860316685268,-0.859813701406012,H,R,3
13,-169.688633510045,-0.844312308764451,H,R,3
20,-176.489693777902,-0.874514433540594,H,R,3
19,-151.585170200893,-0.870884427972789,H,R,3
12,-155.519757952009,-0.823200216899059,H,R,3
19,-154.669625418527,-0.921279392874736,H,R,3
18,-161.786760602679,-0.881385423946574,H,R,3
21,-127.879551478795,-1.00567571642256,H,R,3
21,-183.465140206473,-0.838425478480455,H,R,3
13,-167.160034179688,-0.933161552946559,H,R,3
20,-171.465192522321,-1.06978336324068,H,R,3
19,-159.803118024554,-0.957803530428918,H,R,3
24,-145.40536063058,-0.933760675807535,H,R,3
20,-165.067400251116,-0.963415720530437,H,R,3
20,172.620500837054,-1.00656136802044,E,R,3
17,172.882080078125,-0.868354491432545,E,R,3
9,180.576869419643,-0.715167598267888,E,R,3
15,184.02099609375,-0.930377623941385,E,R,3
28,155.323573521205,-0.859813701406012,E,R,3
5,169.590541294643,-0.844312308764451,E,R,3
24,185.786655970982,-0.874514433540594,E,R,3
22,176.631382533482,-0.870884427972789,E,R,3
28,152.598789760045,-0.823200216899059,E,R,3
29,160.936628069196,-0.921279392874736,E,R,3
23,166.081019810268,-0.881385423946574,E,R,3
25,142.026628766741,-1.00567571642256,E,R,3
29,187.23624093192,-0.838425478480455,E,R,3
5,174.833025251116,-0.933161552946559,E,R,3
29,172.87118094308,-1.06978336324068,E,R,3
22,158.52791922433,-0.957803530428918,E,R,3
32,162.004743303571,-0.933760675807535,E,R,3
24,163.977486746652,-0.963415720530437,E,R,3
24,-111.498151506696,-0.919805030460597,H,L,4
21,-115.563528878348,-0.576335755332785,H,L,4
13,-125.59073311942,-0.939254163012422,H,L,4
12,-108.816964285714,-0.993290361541353,H,L,4
19,-131.705147879464,-0.860647273864861,H,L,4
27,-94.3865094866071,-0.902969881838033,H,L,4
18,-104.969569614955,-0.947105883889996,H,L,4
15,-150.767735072545,-0.98798144417384,H,L,4
22,-62.9098074776786,-0.985204795226841,H,L,4
17,-91.5745326450893,-0.973027039587589,H,L,4
19,-103.705269949777,-0.360795031674305,H,L,4
17,-116.228376116071,-0.882705831741202,H,L,4
11,-99.3238176618304,-1.26342611532999,H,L,4
17,-105.688912527902,-0.92996292569936,H,L,4
22,-89.9614606584821,NaN,H,L,4
24,-97.7325439453125,-0.961219383369545,H,L,4
5,-109.329223632813,0.691755788462752,H,L,4
15,-129.274640764509,-1.00911956727603,H,L,4
26,-90.4301234654018,-1.07144127026588,H,L,4
20,-92.010498046875,-0.762873845335579,H,L,4
24,-88.043212890625,NaN,H,L,4
24,-103.389195033482,-0.871446971758016,H,L,4
22,-99.1276332310268,-0.982785148229426,H,L,4
13,-65.4166085379464,-0.829745489085276,H,L,4
16,-104.773385184152,-0.850316866471273,H,L,4
26,-101.525442940848,NaN,H,L,4
21,-118.059430803571,-0.915912944397404,H,L,4
24,-102.277483258929,-0.978724005916257,H,L,4
20,-96.7734200613839,-0.973326422320233,H,L,4
20,-105.939592633929,-0.900184337658163,H,L,4
20,-115.705217633929,-1.26364515047416,H,L,4
14,-123.639787946429,NaN,H,L,4
19,-95.9450857979911,-0.86883759781498,H,L,4
28,76.9696916852679,-0.919805030460597,E,L,4
4,78.7789481026786,-0.576335755332785,E,L,4
18,92.7516392299107,-0.939254163012422,E,L,4
15,78.125,-0.993290361541353,E,L,4
10,94.8987688337054,-0.860647273864861,E,L,4
30,57.8199114118304,-0.902969881838033,E,L,4
23,69.4165910993304,-0.947105883889996,E,L,4
22,111.618041992188,-0.98798144417384,E,L,4
26,40.6210763113839,-0.985204795226841,E,L,4
23,62.7245221819196,-0.973027039587589,E,L,4
52,73.9397321428571,-0.360795031674305,E,L,4
22,83.2257952008929,-0.882705831741202,E,L,4
24,71.5419224330357,-1.26342611532999,E,L,4
23,81.4928327287946,-0.92996292569936,E,L,4
NaN,58.7790352957589,NaN,E,L,4
19,73.6127580915179,-0.961219383369545,E,L,4
89,83.1277029854911,0.691755788462752,E,L,4
14,94.2230224609375,-1.00911956727603,E,L,4
29,64.6645682198661,-1.07144127026588,E,L,4
31,70.1577322823661,-0.762873845335579,E,L,4
NaN,64.0542166573661,NaN,E,L,4
29,76.8389020647321,-0.871446971758016,E,L,4
24,75.5746023995536,-0.982785148229426,E,L,4
29,42.0379638671875,-0.829745489085276,E,L,4
20,62.6809256417411,-0.850316866471273,E,L,4
NaN,78.2557896205357,NaN,E,L,4
21,86.517333984375,-0.915912944397404,E,L,4
25,73.1549944196429,-0.978724005916257,E,L,4
27,61.5365164620536,-0.973326422320233,E,L,4
15,70.6808907645089,-0.900184337658163,E,L,4
13,91.9560023716518,-1.26364515047416,E,L,4
NaN,92.6644461495536,NaN,E,L,4
8,68.9152308872768,-0.86883759781498,E,L,4
NaN,-67.7490234375,NaN,H,R,4
30,-50.506591796875,-0.808870958395148,H,R,4
36,-60.6645856584821,-0.916757572272905,H,R,4
32,-46.9534737723214,-0.961204465402081,H,R,4
33,-83.8797433035714,-0.905706559896594,H,R,4
43,-66.5283203125,-0.958577221400754,H,R,4
88,-56.5556117466518,-1.01555365338933,H,R,4
32,-61.7218017578125,-1.06400891466448,H,R,4
38,-66.5065220424107,-1.00374774309981,H,R,4
25,-64.3484933035714,-0.988756385321431,H,R,4
30,-85.0677490234375,-0.980662670626051,H,R,4
74,-31.4658028738839,-0.935580449525438,H,R,4
54,-40.283203125,-0.722133139206416,H,R,4
39,-43.1714739118304,-0.965097721467983,H,R,4
23,-59.0842110770089,-0.891686697876478,H,R,4
37,-47.1932547433036,-0.932666725811668,H,R,4
28,-75.37841796875,-0.984087737186413,H,R,4
31,-75.4111153738839,-0.527808034502441,H,R,4
37,-74.1904122488839,-1.0754440187347,H,R,4
28,-58.59375,-0.897428383262288,H,R,4
33,-72.2721644810268,-0.864951452182558,H,R,4
72,-38.8881138392857,-0.829633054272747,H,R,4
28,-81.8198067801339,-0.95854129490875,H,R,4
31,-81.8634033203125,-0.94808027613847,H,R,4
52,-49.6891566685268,-0.895824790492997,H,R,4
25,-76.3375418526786,-0.679428564633982,H,R,4
50,-45.3839983258929,-0.904084193002308,H,R,4
34,-72.7190290178571,-0.942532745920576,H,R,4
62,-41.3622174944196,-0.956240337012356,H,R,4
23,-97.0349993024554,-0.906112497584663,H,R,4
26,-67.5201416015625,-0.980765629807312,H,R,4
74,89.9832589285714,NaN,E,R,4
30,75.6726946149554,-0.808870958395148,E,R,4
26,81.8961007254464,-0.916757572272905,E,R,4
36,68.8934326171875,-0.961204465402081,E,R,4
34,101.76522391183,-0.905706559896594,E,R,4
43,94.4628034319196,-0.958577221400754,E,R,4
92,76.9478934151786,-1.01555365338933,E,R,4
29,67.0514787946429,-1.06400891466448,E,R,4
35,88.3156912667411,-1.00374774309981,E,R,4
30,81.9178989955357,-0.988756385321431,E,R,4
25,99.9886648995536,-0.980662670626051,E,R,4
78,53.5038539341518,-0.935580449525438,E,R,4
51,58.1904820033482,-0.722133139206416,E,R,4
41,62.3757498604911,-0.965097721467983,E,R,4
16,76.4683314732143,-0.891686697876478,E,R,4
38,67.0078822544643,-0.932666725811668,E,R,4
24,91.0077776227679,-0.984087737186413,E,R,4
1,99.1930280412946,-0.527808034502441,E,R,4
34,90.4192243303571,-1.0754440187347,E,R,4
30,80.5119105747768,-0.897428383262288,E,R,4
38,95.4655238560268,-0.864951452182558,E,R,4
54,48.2940673828125,-0.829633054272747,E,R,4
34,108.697073800223,-0.95854129490875,E,R,4
34,92.9587227957589,-0.94808027613847,E,R,4
47,68.5446602957589,-0.895824790492997,E,R,4
46,88.2066999162946,-0.679428564633982,E,R,4
45,64.6318708147321,-0.904084193002308,E,R,4
34,90.1685442243304,-0.942532745920576,E,R,4
52,64.239501953125,-0.956240337012356,E,R,4
20,114.375523158482,-0.906112497584663,E,R,4
40,85.906982421875,-0.980765629807312,E,R,4
15,-176.010131835938,-0.869475084463019,H,L,5
16,-160.228184291295,-0.953619607006243,H,L,5
15,-162.887573242188,-1.00277865372521,H,L,5
15,-168.260846819196,-0.968439302205261,H,L,5
13,-141.797746930804,-0.913201476143205,H,L,5
13,-140.980311802455,-0.844595330154279,H,L,5
15,-144.173758370536,-0.960644781454698,H,L,5
13,-166.17911202567,-0.863387568804372,H,L,5
11,-138.037545340402,-0.911583242350197,H,L,5
14,-172.783987862723,-0.844605455775757,H,L,5
18,-154.015677315848,-0.880710637607094,H,L,5
12,-185.928344726563,-0.821616529068146,H,L,5
10,-200.554983956473,-0.829527538306295,H,L,5
17,-211.159842354911,-0.896826847203986,H,L,5
12,-164.315359933036,-0.945775864240846,H,L,5
14,-162.538800920759,-0.85703013039524,H,L,5
10,-164.95840890067,-0.896032909373007,H,L,5
11,-181.546892438616,-0.890555791541468,H,L,5
12,-175.00741141183,-0.94085487427251,H,L,5
15,-162.179129464286,-0.841703390065905,H,L,5
16,-164.358956473214,-0.910084828186089,H,L,5
13,-161.568777901786,-0.876118382333207,H,L,5
13,-164.914812360491,-0.91131715579357,H,L,5
15,-155.726841517857,-0.831849334248625,H,L,5
12,-188.522338867188,-1.37309695900993,H,L,5
15,-174.09188406808,-0.866725691638846,H,L,5
13,-142.135620117188,-1.04205946836395,H,L,5
8,-199.181692940848,-0.912532484873641,H,L,5
7,-158.680507114955,-0.914881428944372,H,L,5
16,-142.887660435268,-0.866607993177767,H,L,5
12,-162.375313895089,-1.36682214262192,H,L,5
12,-168.784005301339,-0.926877093182971,H,L,5
11,-174.778529575893,-0.848543565647306,H,L,5
16,-173.710414341518,-0.908063857245192,H,L,5
17,-167.628696986607,-0.900529959504244,H,L,5
16,-163.922991071429,-0.957744641394795,H,L,5
8,-204.347882952009,-0.910151190518329,H,L,5
7,-228.500366210938,NaN,H,L,5
13,-203.236171177455,-0.858738511746424,H,L,5
10,-200.369698660714,-0.921397026128742,H,L,5
11,-188.326154436384,-0.829573176264549,H,L,5
9,-184.969220842634,-0.742235366264844,H,L,5
12,-169.448852539063,-0.92016334557623,H,L,5
24,-135.269165039063,-0.973295097865415,H,L,5
14,-176.707676478795,-0.945274645921689,H,L,5
6,-218.767438616071,-0.850655146597637,H,L,5
13,-181.2744140625,NaN,H,L,5
9,-190.298897879464,-0.598969978719405,H,L,5
13,-180.064610072545,-0.932201037999182,H,L,5
8,-199.813842773438,-0.969964635147575,H,L,5
15,-153.372628348214,-0.738352086519713,H,L,5
9,-203.127179827009,-0.843713406705156,H,L,5
10,-176.467895507813,-0.811623406954551,H,L,5
8,-193.841116768973,-0.895778973149762,H,L,5
11,-169.950212751116,-0.948346655684967,H,L,5
13,-135.007585797991,-0.875125642875183,H,L,5
14,-149.874005998884,-0.902299424801327,H,L,5
11,-185.38338797433,-0.976843082923196,H,L,5
14,-169.176374162946,-0.82037321984059,H,L,5
19,135.879516601563,-0.869475084463019,E,L,5
18,125.143868582589,-0.953619607006243,E,L,5
15,119.127546037946,-1.00277865372521,E,L,5
18,137.656075613839,-0.968439302205261,E,L,5
16,104.893275669643,-0.913201476143205,E,L,5
21,110.811505998884,-0.844595330154279,E,L,5
15,109.797886439732,-0.960644781454698,E,L,5
17,129.808698381696,-0.863387568804372,E,L,5
14,95.8578927176339,-0.911583242350197,E,L,5
23,129.154750279018,-0.844605455775757,E,L,5
20,103.323800223214,-0.880710637607094,E,L,5
15,136.740548270089,-0.821616529068146,E,L,5
22,146.200997488839,-0.829527538306295,E,L,5
21,151.617867606027,-0.896826847203986,E,L,5
18,116.195678710938,-0.945775864240846,E,L,5
15,132.566179547991,-0.85703013039524,E,L,5
14,134.822300502232,-0.896032909373007,E,L,5
20,146.070207868304,-0.890555791541468,E,L,5
14,138.931274414063,-0.94085487427251,E,L,5
19,132.882254464286,-0.841703390065905,E,L,5
15,127.716064453125,-0.910084828186089,E,L,5
12,121.427263532366,-0.876118382333207,E,L,5
17,132.228306361607,-0.91131715579357,E,L,5
18,136.751447405134,-0.831849334248625,E,L,5
5,151.388985770089,-1.37309695900993,E,L,5
18,130.876813616071,-0.866725691638846,E,L,5
18,98.5390799386161,-1.04205946836395,E,L,5
9,161.448887416295,-0.912532484873641,E,L,5
9,117.667061941964,-0.914881428944372,E,L,5
23,106.97501046317,-0.866607993177767,E,L,5
15,121.841430664063,-1.36682214262192,E,L,5
12,143.792288643973,-0.926877093182971,E,L,5
17,138.179234095982,-0.848543565647306,E,L,5
15,129.710606166295,-0.908063857245192,E,L,5
18,129.416329520089,-0.900529959504244,E,L,5
18,136.849539620536,-0.957744641394795,E,L,5
15,139.258248465402,-0.910151190518329,E,L,5
NaN,154.517037527902,NaN,E,L,5
12,148.032052176339,-0.858738511746424,E,L,5
15,145.241873604911,-0.921397026128742,E,L,5
18,149.252755301339,-0.829573176264549,E,L,5
25,136.598859514509,-0.742235366264844,E,L,5
13,122.571672712054,-0.92016334557623,E,L,5
31,96.5336390904018,-0.973295097865415,E,L,5
14,141.677856445313,-0.945274645921689,E,L,5
6,158.920288085938,-0.850655146597637,E,L,5
NaN,134.996686662946,NaN,E,L,5
29,143.138340541295,-0.598969978719405,E,L,5
17,132.58797781808,-0.932201037999182,E,L,5
10,154.778616768973,-0.969964635147575,E,L,5
34,113.895961216518,-0.738352086519713,E,L,5
0,160.805838448661,-0.843713406705156,E,L,5
20,129.209245954241,-0.811623406954551,E,L,5
12,145.372663225446,-0.895778973149762,E,L,5
10,126.702444893973,-0.948346655684967,E,L,5
12,89.8633684430804,-0.875125642875183,E,L,5
14,117.503574916295,-0.902299424801327,E,L,5
3,141.819545200893,-0.976843082923196,E,L,5
12,124.489920479911,-0.82037321984059,E,L,5
13,-174.745832170759,-0.907856217199123,H,R,5
21,-126.713344029018,-0.946146387094898,H,R,5
13,-175.247192382813,-1.01828933349792,H,R,5
8,-146.200997488839,-0.92319800133763,H,R,5
24,-146.386282784598,-0.929457494295873,H,R,5
14,-154.767717633929,-0.926971264753994,H,R,5
17,-143.26913016183,-0.962004491837253,H,R,5
19,-127.901349748884,-0.866193553009834,H,R,5
21,-137.340000697545,-0.912600917073573,H,R,5
17,-116.936819893973,-0.880545021875391,H,R,5
9,-165.296282087054,-0.785047475504948,H,R,5
20,-127.214704241071,-0.842185433833562,H,R,5
17,-148.860386439732,-0.762307206540181,H,R,5
8,-159.051077706473,-0.939936916930254,H,R,5
21,-118.767874581473,-0.955386989391869,H,R,5
22,-134.310041155134,-0.898205562170435,H,R,5
11,-155.345371791295,-0.890561151821185,H,R,5
21,-136.958530970982,-0.921472896067871,H,R,5
19,-141.100202287946,-0.990721963873892,H,R,5
21,-129.198346819196,-0.849309042351772,H,R,5
28,-107.160295758929,-0.909150351178502,H,R,5
9,-178.822108677455,-0.892125821009556,H,R,5
10,-179.247174944196,-0.955925669873924,H,R,5
10,-144.740513392857,-0.805722089323781,H,R,5
9,-172.402518136161,-1.34925702885006,H,R,5
9,-163.617815290179,-0.739056298748719,H,R,5
19,-132.435389927455,-1.00461789488922,H,R,5
18,-135.072980608259,-1.2125901674114,H,R,5
16,-143.57430594308,-0.921296478979723,H,R,5
11,-168.991088867188,-0.889706441055318,H,R,5
15,-134.953090122768,-1.58026600245427,H,R,5
13,-162.887573242188,-0.925333708962397,H,R,5
20,-149.579729352679,-0.923213466044474,H,R,5
16,-165.318080357143,-0.849308909184657,H,R,5
21,-152.816772460938,-0.873687674017013,H,R,5
16,-147.912161690848,-0.957744641394795,H,R,5
21,-151.290893554688,-0.875985465563197,H,R,5
13,-153.623308454241,-0.933607243681412,H,R,5
21,-129.721505301339,-0.810208366567342,H,R,5
8,-180.446079799107,-0.819045427320329,H,R,5
7,-225.088936941964,-0.854560314754853,H,R,5
20,-163.530622209821,-0.937645196291321,H,R,5
14,-147.062029157366,-0.910352304868327,H,R,5
6,-158.680507114955,-0.84996445045605,H,R,5
22,-133.514404296875,-0.924141859576125,H,R,5
23,-142.451695033482,NaN,H,R,5
16,-135.498046875,-0.81333657298331,H,R,5
19,-104.598999023438,-0.879632819547376,H,R,5
6,-160.130092075893,NaN,H,R,5
16,-142.495291573661,-0.885822837601819,H,R,5
19,-142.190115792411,-0.86526655136646,H,R,5
11,-146.157400948661,-0.857144903138418,H,R,5
13,-166.222708565848,-0.898863166673943,H,R,5
19,-129.25284249442,-0.918337702931762,H,R,5
22,-148.413521902902,-0.912511786046578,H,R,5
18,-124.500819614955,-0.132717965932409,H,R,5
24,-125.252859933036,-0.884285806049123,H,R,5
23,-128.413609095982,-0.796556886895191,H,R,5
17,-138.789585658482,-0.730314913770275,H,R,5
20,-141.43807547433,NaN,H,R,5
22,-106.34286063058,-0.932265452066051,H,R,5
23,-116.566249302455,-0.878315386097928,H,R,5
17,-142.222813197545,-0.707595685209817,H,R,5
23,-140.882219587054,-0.857509294350761,H,R,5
20,-135.072980608259,-0.930270166585177,H,R,5
20,-123.356410435268,-0.933695349844346,H,R,5
31,-113.721575055804,-1.97433244971605,H,R,5
2,-188.620431082589,-0.867661128865629,H,R,5
21,-113.612583705357,-0.912420640928055,H,R,5
13,187.966482979911,-0.907856217199123,E,R,5
24,130.996704101563,-0.946146387094898,E,R,5
15,182.63680594308,-1.01828933349792,E,R,5
16,156.424386160714,-0.92319800133763,E,R,5
23,127.083914620536,-0.929457494295873,E,R,5
15,165.928431919643,-0.926971264753994,E,R,5
14,158.38623046875,-0.962004491837253,E,R,5
20,140.598842075893,-0.866193553009834,E,R,5
24,145.786830357143,-0.912600917073573,E,R,5
24,126.833234514509,-0.880545021875391,E,R,5
6,169.100080217634,-0.785047475504948,E,R,5
23,135.726928710938,-0.842185433833562,E,R,5
7,159.170968191964,-0.762307206540181,E,R,5
0,151.53067452567,-0.939936916930254,E,R,5
22,126.637050083705,-0.955386989391869,E,R,5
25,139.988490513393,-0.898205562170435,E,R,5
16,167.98836844308,-0.890561151821185,E,R,5
28,129.86319405692,-0.921472896067871,E,R,5
12,157.176426478795,-0.990721963873892,E,R,5
22,126.320975167411,-0.849309042351772,E,R,5
26,133.623395647321,-0.909150351178502,E,R,5
11,179.966517857143,-0.892125821009556,E,R,5
7,175.236293247768,-0.955925669873924,E,R,5
16,158.070155552455,-0.805722089323781,E,R,5
17,168.467930385045,-1.34925702885006,E,R,5
22,158.724103655134,-0.739056298748719,E,R,5
31,143.203735351563,-1.00461789488922,E,R,5
23,144.424438476563,-1.2125901674114,E,R,5
18,149.623325892857,-0.921296478979723,E,R,5
15,174.680437360491,-0.889706441055318,E,R,5
17,149.666922433036,-1.58026600245427,E,R,5
14,166.920253208705,-0.925333708962397,E,R,5
18,151.497977120536,-0.923213466044474,E,R,5
25,159.258161272321,-0.849308909184657,E,R,5
28,158.69140625,-0.873687674017013,E,R,5
18,157.132829938616,-0.957744641394795,E,R,5
30,160.369873046875,-0.875985465563197,E,R,5
14,164.010184151786,-0.933607243681412,E,R,5
30,139.247349330357,-0.810208366567342,E,R,5
21,173.895699637277,-0.819045427320329,E,R,5
5,201.143537248884,-0.854560314754853,E,R,5
22,176.162719726563,-0.937645196291321,E,R,5
20,153.416224888393,-0.910352304868327,E,R,5
16,149.754115513393,-0.84996445045605,E,R,5
28,135.33455984933,-0.924141859576125,E,R,5
NaN,137.688773018973,NaN,E,R,5
21,152.053833007813,-0.81333657298331,E,R,5
22,124.849591936384,-0.879632819547376,E,R,5
NaN,175.486973353795,NaN,E,R,5
26,136.762346540179,-0.885822837601819,E,R,5
31,146.724155970982,-0.86526655136646,E,R,5
12,154.680524553571,-0.857144903138418,E,R,5
16,179.628644670759,-0.898863166673943,E,R,5
23,137.448992047991,-0.918337702931762,E,R,5
28,153.547014508929,-0.912511786046578,E,R,5
48,126.909528459821,-0.132717965932409,E,R,5
28,142.255510602679,-0.884285806049123,E,R,5
36,121.187482561384,-0.796556886895191,E,R,5
30,141.568865094866,-0.730314913770275,E,R,5
NaN,149.111066545759,NaN,E,R,5
30,115.171160016741,-0.932265452066051,E,R,5
31,127.11661202567,-0.878315386097928,E,R,5
30,146.996634347098,-0.707595685209817,E,R,5
40,139.825003487723,-0.857509294350761,E,R,5
21,138.615199497768,-0.930270166585177,E,R,5
22,146.190098353795,-0.933695349844346,E,R,5
41,114.473615373884,-1.97433244971605,E,R,5
0,182.625906808036,-0.867661128865629,E,R,5
21,118.24471609933,-0.912420640928055,E,R,5
18,-117.143903459821,-0.849271622514859,H,L,6
14,-114.190237862723,-0.889290280418267,H,L,6
16,-117.568969726563,-0.976259133694118,H,L,6
14,-171.912057059152,-0.465328680958864,H,L,6
16,-151.312691824777,-0.815165398559009,H,L,6
24,-133.699689592634,-0.823651145301233,H,L,6
11,-136.446271623884,-0.786396057226947,H,L,6
9,-149.754115513393,-0.925548219087419,H,L,6
22,-138.364519391741,-0.796684324568455,H,L,6
9,-173.754010881696,-0.650019342503645,H,L,6
14,-160.184587751116,NaN,H,L,6
12,-181.503295898438,-0.849051142146083,H,L,6
14,-163.094656808036,-0.827244727778335,H,L,6
19,-127.607073102679,1.15737003584456,H,L,6
4,-164.685930524554,-0.615326104814785,H,L,6
23,-138.528006417411,-0.820965514046256,H,L,6
16,-136.980329241071,-0.83976399316062,H,L,6
17,-143.661499023438,-0.88949412552308,H,L,6
13,-138.08114188058,-0.804283754676288,H,L,6
14,-137.3291015625,-0.97854061144771,H,L,6
9,-146.876743861607,-0.656715903441135,H,L,6
9,-160.675048828125,-0.766444096897156,H,L,6
8,-179.203578404018,-0.692545673189477,H,L,6
10,-163.955688476563,-0.671498003794053,H,L,6
14,-149.154663085938,-0.783829707083845,H,L,6
12,-168.969290597098,-0.828042226260244,H,L,6
10,-160.348074776786,-0.857277146215136,H,L,6
14,-153.274536132813,NaN,H,L,6
12,-160.773141043527,NaN,H,L,6
19,-155.6396484375,-0.775661002112453,H,L,6
6,-137.645176478795,-0.758569780996279,H,L,6
5,-165.71044921875,-0.662930385389173,H,L,6
5,-169.863019670759,-0.882347639725471,H,L,6
13,-164.849417550223,-0.774739294191965,H,L,6
13,-130.47354561942,-0.939644985861898,H,L,6
13,-137.013026646205,-0.893275224756868,H,L,6
14,-147.497994559152,NaN,H,L,6
13,-141.176496233259,NaN,H,L,6
10,-169.383457728795,-0.537978899496858,H,L,6
26,83.5854666573661,-0.849271622514859,E,L,6
13,80.2394321986607,-0.889290280418267,E,L,6
19,83.0623081752232,-0.976259133694118,E,L,6
40,122.778756277902,-0.465328680958864,E,L,6
22,105.994088309152,-0.815165398559009,E,L,6
29,95.0840541294643,-0.823651145301233,E,L,6
21,91.2584577287946,-0.786396057226947,E,L,6
3,114.44091796875,-0.925548219087419,E,L,6
22,96.2393624441964,-0.796684324568455,E,L,6
0,121.590750558036,-0.650019342503645,E,L,6
NaN,109.688895089286,NaN,E,L,6
13,138.266427176339,-0.849051142146083,E,L,6
18,109.438214983259,-0.827244727778335,E,L,6
117,79.7925676618304,1.15737003584456,E,L,6
16,110.277448381696,-0.615326104814785,E,L,6
24,103.094918387277,-0.820965514046256,E,L,6
16,95.3456333705357,-0.83976399316062,E,L,6
16,102.767944335938,-0.88949412552308,E,L,6
21,106.386457170759,-0.804283754676288,E,L,6
20,96.4573451450893,-0.97854061144771,E,L,6
19,98.9532470703125,-0.656715903441135,E,L,6
25,112.555367606027,-0.766444096897156,E,L,6
22,113.252912248884,-0.692545673189477,E,L,6
32,112.816946847098,-0.671498003794053,E,L,6
14,121.176583426339,-0.783829707083845,E,L,6
16,114.996773856027,-0.828042226260244,E,L,6
14,118.887765066964,-0.857277146215136,E,L,6
NaN,113.481794084821,NaN,E,L,6
NaN,110.833304268973,NaN,E,L,6
6,114.081246512277,-0.775661002112453,E,L,6
17,97.6344517299107,-0.758569780996279,E,L,6
22,126.255580357143,-0.662930385389173,E,L,6
6,127.530779157366,-0.882347639725471,E,L,6
24,131.345476422991,-0.774739294191965,E,L,6
22,98.4518868582589,-0.939644985861898,E,L,6
8,102.876935686384,-0.893275224756868,E,L,6
NaN,116.609845842634,NaN,E,L,6
NaN,98.7352643694196,NaN,E,L,6
0,124.588012695313,-0.537978899496858,E,L,6
15,-89.7543770926339,NaN,H,R,6
16,-97.2638811383929,-0.675979530928036,H,R,6
18,-110.811505998884,-0.97132698621479,H,R,6
22,-93.3728899274554,-0.860955560020954,H,R,6
2,-115.955897739955,-0.817762766153854,H,R,6
9,-114.168439592634,-0.610514679825315,H,R,6
24,-113.296508789063,-0.796151292742467,H,R,6
16,-88.8933454241071,-0.961267673474296,H,R,6
17,-93.8742501395089,-0.79560577660816,H,R,6
19,-98.6262730189732,-0.776454484456016,H,R,6
19,-110.288347516741,-0.517835896442937,H,R,6
24,-134.353637695313,-0.755898491732226,H,R,6
22,-119.77059500558,-0.834321094533663,H,R,6
14,-99.6834891183036,-0.780391010544985,H,R,6
18,-99.2257254464286,-0.660958454046709,H,R,6
17,-102.68075125558,-0.163042058656914,H,R,6
19,-115.705217633929,-0.849690121240064,H,R,6
17,-100.40283203125,-0.779412749570286,H,R,6
18,-141.797746930804,-0.763984024991678,H,R,6
23,-116.5771484375,-0.995604277790793,H,R,6
20,-121.4599609375,-0.327052477827109,H,R,6
23,-90.0159563337054,-0.628397072487303,H,R,6
27,-112.849644252232,-1.01806610994559,H,R,6
16,-124.860491071429,-0.972861915739232,H,R,6
27,-95.5527169363839,-0.831305750719482,H,R,6
21,-98.1467110770089,-0.834681030637331,H,R,6
14,-111.977713448661,-0.696672263418477,H,R,6
24,-135.105678013393,NaN,H,R,6
17,-91.6399274553571,-0.787181419068345,H,R,6
20,-99.9341692243304,-0.821683584248037,H,R,6
17,-79.2040143694196,-0.797319046924458,H,R,6
22,-89.3947056361607,-0.73130736818685,H,R,6
20,-128.631591796875,-0.824544911925144,H,R,6
22,-98.419189453125,-0.610676850639108,H,R,6
20,-141.470772879464,-1.07838651749105,H,R,6
15,-107.934134347098,0.683556414643964,H,R,6
20,-108.33740234375,0.70716446692388,H,R,6
15,-104.588099888393,-0.565670309591819,H,R,6
11,-107.029506138393,-0.668404390375269,H,R,6
13,-140.021187918527,-0.619322156905503,H,R,6
17,-90.3211321149554,-0.641903414666664,H,R,6
5,-110.419137137277,-0.493376042458627,H,R,6
15,-93.4709821428571,-0.0955620242509136,H,R,6
34,-90.2012416294643,-1.00568053293946,H,R,6
11,-104.315621512277,-0.702479911402421,H,R,6
NaN,90.5500139508929,NaN,E,R,6
31,92.2393798828125,-0.675979530928036,E,R,6
21,103.716169084821,-0.97132698621479,E,R,6
28,95.7598005022321,-0.860955560020954,E,R,6
10,117.93954031808,-0.817762766153854,E,R,6
25,114.931379045759,-0.610514679825315,E,R,6
36,110.909598214286,-0.796151292742467,E,R,6
22,102.026803152902,-0.961267673474296,E,R,6
21,90.5064174107143,-0.79560577660816,E,R,6
37,105.002267020089,-0.776454484456016,E,R,6
45,96.0104806082589,-0.517835896442937,E,R,6
1,111.661638532366,-0.755898491732226,E,R,6
28,108.021327427455,-0.834321094533663,E,R,6
26,92.1957833426339,-0.780391010544985,E,R,6
27,100.762503487723,-0.660958454046709,E,R,6
51,89.2966134207589,-0.163042058656914,E,R,6
20,109.569004603795,-0.849690121240064,E,R,6
29,101.569039481027,-0.779412749570286,E,R,6
29,136.751447405134,-0.763984024991678,E,R,6
28,101.285661969866,-0.995604277790793,E,R,6
41,115.171160016741,-0.327052477827109,E,R,6
51,78.2884870256696,-0.628397072487303,E,R,6
48,102.168491908482,-1.01806610994559,E,R,6
1,113.732474190848,-0.972861915739232,E,R,6
30,83.92333984375,-0.831305750719482,E,R,6
21,90.4083251953125,-0.834681030637331,E,R,6
2,102.975027901786,-0.696672263418477,E,R,6
NaN,117.994035993304,NaN,E,R,6
17,102.942330496652,-0.787181419068345,E,R,6
23,104.827880859375,-0.821683584248037,E,R,6
10,79.4655936104911,-0.797319046924458,E,R,6
39,89.2421177455357,-0.73130736818685,E,R,6
31,107.846941266741,-0.824544911925144,E,R,6
45,93.9396449497768,-0.610676850639108,E,R,6
6,121.078491210938,-1.07838651749105,E,R,6
136,97.7979387555804,0.683556414643964,E,R,6
146,95.8360944475446,0.70716446692388,E,R,6
21,107.607160295759,-0.565670309591819,E,R,6
28,105.416434151786,-0.668404390375269,E,R,6
30,138.931274414063,-0.619322156905503,E,R,6
26,97.0894949776786,-0.641903414666664,E,R,6
27,105.656215122768,-0.493376042458627,E,R,6
32,102.310180664063,-0.0955620242509136,E,R,6
43,81.6890171595982,-1.00568053293946,E,R,6
27,112.315586635045,-0.702479911402421,E,R,6
12,-145.688738141741,-0.617268653409533,H,L,7
16,-166.353498186384,-0.817712804673306,H,L,7
17,-127.530779157366,-0.62379960492121,H,L,7
18,-155.574253627232,-0.712538539573611,H,L,7
7,-139.726911272321,-0.827372615742864,H,L,7
11,-141.721452985491,-0.805595864384384,H,L,7
12,-141.143798828125,-0.744365527110358,H,L,7
15,-142.735072544643,-0.433686387284604,H,L,7
16,-135.127476283482,-0.573087828284214,H,L,7
18,-145.503452845982,-0.744705426789094,H,L,7
13,-154.756818498884,-0.854634904613863,H,L,7
13,-123.574393136161,-0.544516469363521,H,L,7
6,-202.549525669643,-0.76397638965915,H,L,7
11,-167.160034179688,-0.720656672881355,H,L,7
11,-155.835832868304,-0.748578622650802,H,L,7
14,-141.034807477679,-0.869676777906462,H,L,7
13,-149.514334542411,NaN,H,L,7
9,-163.628714425223,NaN,H,L,7
13,-161.677769252232,-0.802992316837137,H,L,7
19,-168.805803571429,-0.723732082291778,H,L,7
12,-203.159877232143,-0.805360346760054,H,L,7
12,-181.884765625,-0.76411364983618,H,L,7
11,-187.726702008929,-0.772065400505394,H,L,7
14,-228.958129882813,NaN,H,L,7
13,-194.080897739955,-0.872179833964451,H,L,7
14,-189.307076590402,-0.83623891059437,H,L,7
5,-152.478899274554,-0.647658361349611,H,L,7
15,-201.470511300223,-0.865740922181377,H,L,7
12,-223.802839006696,-0.976125068322995,H,L,7
8,-195.301600864955,-0.825775069835726,H,L,7
11,-199.966430664063,-0.760891109003434,H,L,7
15,-200.064522879464,-0.879135984919266,H,L,7
12,-184.522356305804,NaN,H,L,7
15,-179.170880998884,-0.818188134606041,H,L,7
14,-151.345389229911,-0.694406935495715,H,L,7
18,-127.334594726563,-0.820856816185983,H,L,7
14,-198.647635323661,-0.883232102624264,H,L,7
15,-187.901088169643,-0.953680257204338,H,L,7
17,-141.525268554688,-0.873889698302615,H,L,7
12,-220.118931361607,NaN,H,L,7
11,-210.10262625558,-0.773030350071707,H,L,7
13,-205.623081752232,-0.78973829592802,H,L,7
14,-214.800153459821,NaN,H,L,7
13,-148.119245256696,-0.770840537952009,H,L,7
15,-130.964006696429,-1.6862590107524,H,L,7
44,116.522652762277,-0.617268653409533,E,L,7
20,121.92862374442,-0.817712804673306,E,L,7
22,100.435529436384,-0.62379960492121,E,L,7
8,107.574462890625,-0.712538539573611,E,L,7
11,104.130336216518,-0.827372615742864,E,L,7
14,109.481811523438,-0.805595864384384,E,L,7
11,106.419154575893,-0.744365527110358,E,L,7
45,118.538992745536,-0.433686387284604,E,L,7
6,105.42733328683,-0.573087828284214,E,L,7
10,120.860508510045,-0.744705426789094,E,L,7
22,109.765189034598,-0.854634904613863,E,L,7
14,86.5936279296875,-0.544516469363521,E,L,7
13,147.770472935268,-0.76397638965915,E,L,7
15,122.201102120536,-0.720656672881355,E,L,7
16,116.010393415179,-0.748578622650802,E,L,7
21,94.8115757533482,-0.869676777906462,E,L,7
NaN,103.31290108817,NaN,E,L,7
NaN,125.198364257813,NaN,E,L,7
7,132.326398577009,-0.802992316837137,E,L,7
16,138.146536690848,-0.723732082291778,E,L,7
20,177.961077008929,-0.805360346760054,E,L,7
16,153.66690499442,-0.76411364983618,E,L,7
15,158.331734793527,-0.772065400505394,E,L,7
NaN,197.350638253348,NaN,E,L,7
10,171.192714146205,-0.872179833964451,E,L,7
19,148.3154296875,-0.83623891059437,E,L,7
22,105.765206473214,-0.647658361349611,E,L,7
18,173.743111746652,-0.865740922181377,E,L,7
11,191.301618303571,-0.976125068322995,E,L,7
8,165.961129324777,-0.825775069835726,E,L,7
14,179.399762834821,-0.760891109003434,E,L,7
19,159.814017159598,-0.879135984919266,E,L,7
NaN,150.30997140067,NaN,E,L,7
19,135.02938406808,-0.818188134606041,E,L,7
18,128.62069266183,-0.694406935495715,E,L,7
25,80.5555071149554,-0.820856816185983,E,L,7
14,156.042916434152,-0.883232102624264,E,L,7
19,142.233712332589,-0.953680257204338,E,L,7
22,111.988612583705,-0.873889698302615,E,L,7
NaN,194.004603794643,NaN,E,L,7
16,185.143607003348,-0.773030350071707,E,L,7
13,178.320748465402,-0.78973829592802,E,L,7
NaN,200.696672712054,NaN,E,L,7
18,103.498186383929,-0.770840537952009,E,L,7
25,100.664411272321,-1.6862590107524,E,L,7
14,-123.857770647321,-0.928771623084488,H,R,7
16,-124.871390206473,-0.618581832648246,H,R,7
25,-104.67529296875,-0.710337043733873,H,R,7
26,-112.718854631696,-0.985983103529963,H,R,7
20,-100.925990513393,-0.841585643333248,H,R,7
19,-90.3756277901786,-0.837443479934044,H,R,7
14,-107.28018624442,-0.298746882060206,H,R,7
17,-102.920532226563,-0.748353546701549,H,R,7
17,-114.855085100446,-0.762353621939007,H,R,7
19,-113.242013113839,-0.826438467002025,H,R,7
18,-126.048496791295,-0.849288675137398,H,R,7
24,-100.348336356027,-0.630806914536788,H,R,7
17,-113.863263811384,-0.78745476704832,H,R,7
21,-124.075753348214,-0.474410522925139,H,R,7
22,-88.8279506138393,-0.824804131795311,H,R,7
24,-90.6154087611607,-0.889165603841189,H,R,7
22,-97.5690569196429,-0.555869353140671,H,R,7
20,-105.078560965402,-0.859846849264528,H,R,7
18,-132.89315359933,-0.831262635965576,H,R,7
19,-102.005004882813,-0.865070469681184,H,R,7
18,-106.50634765625,-0.739300751463307,H,R,7
11,-110.462733677455,-0.623718099362584,H,R,7
22,-100.381033761161,-0.76945706780591,H,R,7
20,-89.4927978515625,0.434204138175639,H,R,7
22,-113.231113978795,-0.832096909349567,H,R,7
24,-81.4274379185268,-0.860900954268111,H,R,7
20,-91.2039620535714,-0.813640248870105,H,R,7
20,-102.735246930804,NaN,H,R,7
18,-94.3429129464286,-0.804439028278283,H,R,7
22,-99.0622384207589,-0.799895841357876,H,R,7
24,-101.906912667411,-0.662066098843319,H,R,7
20,-108.228410993304,-0.879473983663703,H,R,7
19,-119.116646902902,-0.702379674037584,H,R,7
21,-101.351056780134,-0.841641707948403,H,R,7
22,-106.866019112723,-0.786476388460632,H,R,7
21,-124.773297991071,-0.449967760955246,H,R,7
16,-108.925955636161,-0.598544609928168,H,R,7
22,-97.0676967075893,-1.06159074585639,H,R,7
32,-111.977713448661,-0.921109911002471,H,R,7
22,-105.089460100446,0.779161140127392,H,R,7
20,-134.222848074777,-0.698627478007617,H,R,7
21,-136.980329241071,-0.808952450738516,H,R,7
21,-138.5498046875,-0.774497644246746,H,R,7
21,-173.743111746652,-0.781261928112561,H,R,7
14,-162.19002859933,-1.65537515332932,H,R,7
20,-114.451817103795,-0.84610604849333,H,R,7
19,-144.991193498884,-0.806870068327432,H,R,7
18,-147.628784179688,-0.774555633556728,H,R,7
22,-142.168317522321,-0.807789738968396,H,R,7
22,-155.399867466518,-0.83952359104998,H,R,7
24,-154.680524553571,-0.656257146192284,H,R,7
17,-150.735037667411,-0.877020275952273,H,R,7
18,-157.873971121652,-0.814056666463361,H,R,7
18,-159.214564732143,-0.785743285566436,H,R,7
18,-149.002075195313,-0.715256752684859,H,R,7
19,-157.274518694196,-0.83167319402886,H,R,7
16,-167.454310825893,-0.824761030735485,H,R,7
13,-170.2880859375,-0.824425836428574,H,R,7
20,-161.002022879464,-0.8820254381568,H,R,7
18,-109.056745256696,-0.886455127151397,H,R,7
23,-102.506365094866,-0.813001196305154,H,R,7
6,118.985857282366,-0.928771623084488,E,R,7
41,126.03759765625,-0.618581832648246,E,R,7
31,105.852399553571,-0.710337043733873,E,R,7
34,106.680733816964,-0.985983103529963,E,R,7
33,98.8006591796875,-0.841585643333248,E,R,7
33,87.8361293247768,-0.837443479934044,E,R,7
44,99.8578752790179,-0.298746882060206,E,R,7
34,101.198468889509,-0.748353546701549,E,R,7
28,102.593558175223,-0.762353621939007,E,R,7
27,88.7189592633929,-0.826438467002025,E,R,7
29,106.440952845982,-0.849288675137398,E,R,7
35,92.5990513392857,-0.630806914536788,E,R,7
19,116.184779575893,-0.78745476704832,E,R,7
6,95.0186593191964,-0.474410522925139,E,R,7
30,99.3674142020089,-0.824804131795311,E,R,7
26,92.5118582589286,-0.889165603841189,E,R,7
34,99.4982038225446,-0.555869353140671,E,R,7
37,108.468191964286,-0.859846849264528,E,R,7
26,120.555332728795,-0.831262635965576,E,R,7
29,102.451869419643,-0.865070469681184,E,R,7
10,111.55264718192,-0.739300751463307,E,R,7
29,110.015869140625,-0.623718099362584,E,R,7
17,106.495448521205,-0.76945706780591,E,R,7
93,91.1276681082589,0.434204138175639,E,R,7
39,105.274745396205,-0.832096909349567,E,R,7
32,86.3538469587054,-0.860900954268111,E,R,7
27,100.969587053571,-0.813640248870105,E,R,7
NaN,108.370099748884,NaN,E,R,7
35,96.9042096819196,-0.804439028278283,E,R,7
32,109.329223632813,-0.799895841357876,E,R,7
43,104.381016322545,-0.662066098843319,E,R,7
36,104.22842843192,-0.879473983663703,E,R,7
35,125.830514090402,-0.702379674037584,E,R,7
20,106.680733816964,-0.841641707948403,E,R,7
34,104.435511997768,-0.786476388460632,E,R,7
51,114.168439592634,-0.449967760955246,E,R,7
26,111.22567313058,-0.598544609928168,E,R,7
31,110.604422433036,-1.06159074585639,E,R,7
42,100.391932896205,-0.921109911002471,E,R,7
114,106.549944196429,0.779161140127392,E,R,7
14,117.983136858259,-0.698627478007617,E,R,7
30,129.568917410714,-0.808952450738516,E,R,7
18,129.263741629464,-0.774497644246746,E,R,7
21,171.748570033482,-0.781261928112561,E,R,7
23,149.383544921875,-1.65537515332932,E,R,7
22,112.228393554688,-0.84610604849333,E,R,7
35,135.19287109375,-0.806870068327432,E,R,7
12,145.056588309152,-0.774555633556728,E,R,7
25,138.735089983259,-0.807789738968396,E,R,7
34,150.28817313058,-0.83952359104998,E,R,7
33,145.383562360491,-0.656257146192284,E,R,7
25,151.53067452567,-0.877020275952273,E,R,7
19,162.702287946429,-0.814056666463361,E,R,7
29,156.958443777902,-0.785743285566436,E,R,7
34,155.19278390067,-0.715256752684859,E,R,7
35,155.530657087054,-0.83167319402886,E,R,7
19,149.557931082589,-0.824761030735485,E,R,7
21,177.764892578125,-0.824425836428574,E,R,7
19,159.421648297991,-0.8820254381568,E,R,7
27,103.694370814732,-0.886455127151397,E,R,7
21,103.90145438058,-0.813001196305154,E,R,7
18,-316.271100725446,0.885204999337956,H,L,8
17,-269.045148577009,-1.22671086474923,H,L,8
16,-362.875802176339,-1.02368048439286,H,L,8
17,-292.249407087054,-1.05752232184909,H,L,8
18,-308.761596679688,0.182857691191921,H,L,8
19,-256.598336356027,-1.05926676059364,H,L,8
18,-274.483816964286,-1.06753828325586,H,L,8
18,-275.835309709821,-1.07833953844656,H,L,8
18,-276.391165597098,-1.05584909255834,H,L,8
13,-319.464547293527,0.0767324148813489,H,L,8
14,-250.047956194196,-1.04543093384791,H,L,8
19,-241.55752999442,-0.973557031595905,H,L,8
16,-240.576607840402,-0.986483925340234,H,L,8
14,-271.333966936384,NaN,H,L,8
15,-248.55477469308,-1.04161184560214,H,L,8
14,-256.413051060268,-1.64494290993855,H,L,8
17,-238.538469587054,-1.32060143973138,H,L,8
16,-224.129813058036,-0.943210078991837,H,L,8
12,-263.453892299107,NaN,H,L,8
15,-227.257864815848,-0.923262612527413,H,L,8
14,-246.58203125,-0.969544700928248,H,L,8
15,-247.105189732143,-0.999550417054674,H,L,8
15,-228.903634207589,-0.920368050731893,H,L,8
15,-233.90633719308,-0.959924413590873,H,L,8
14,-225.601196289063,-1.04060984419097,H,L,8
16,-260.707310267857,-0.858019715542703,H,L,8
16,-240.140642438616,NaN,H,L,8
19,-285.699026925223,-1.01492955394307,H,L,8
15,-242.61474609375,NaN,H,L,8
17,-221.481323242188,-0.948671617444489,H,L,8
15,-217.154366629464,-0.986294555765623,H,L,8
17,-221.165248325893,-0.975458611716188,H,L,8
18,-253.502982003348,-1.24732219141052,H,L,8
14,-253.165108816964,-0.452141702336133,H,L,8
16,-238.603864397321,-0.922973435038456,H,L,8
16,-228.41317313058,-0.95853162994675,H,L,8
17,-229.808262416295,-0.996243079904145,H,L,8
17,-237.470354352679,-0.910968782752031,H,L,8
16,-311.595371791295,-1.05048242201974,H,L,8
15,-352.118355887277,NaN,H,L,8
84,242.723737444196,0.885204999337956,E,L,8
17,261.8408203125,-1.22671086474923,E,L,8
24,238.887241908482,-1.02368048439286,E,L,8
19,287.224905831473,-1.05752232184909,E,L,8
22,312.009538922991,0.182857691191921,E,L,8
21,241.513933454241,-1.05926676059364,E,L,8
17,238.582066127232,-1.06753828325586,E,L,8
21,245.459420340402,-1.07833953844656,E,L,8
19,260.652814592634,-1.05584909255834,E,L,8
25,267.530168805804,0.0767324148813489,E,L,8
19,232.729230608259,-1.04543093384791,E,L,8
23,226.124354771205,-0.973557031595905,E,L,8
19,216.042654854911,-0.986483925340234,E,L,8
NaN,243.007114955357,NaN,E,L,8
20,231.203351702009,-1.04161184560214,E,L,8
19,232.369559151786,-1.64494290993855,E,L,8
21,223.475864955357,-1.32060143973138,E,L,8
23,200.66397530692,-0.943210078991837,E,L,8
NaN,217.75381905692,NaN,E,L,8
22,199.933733258929,-0.923262612527413,E,L,8
9,214.222499302455,-0.969544700928248,E,L,8
11,213.067190987723,-0.999550417054674,E,L,8
20,199.040004185268,-0.920368050731893,E,L,8
22,205.928257533482,-0.959924413590873,E,L,8
17,196.642194475446,-1.04060984419097,E,L,8
24,226.919991629464,-0.858019715542703,E,L,8
NaN,217.873709542411,NaN,E,L,8
19,282.374790736607,-1.01492955394307,E,L,8
NaN,189.154488699777,NaN,E,L,8
23,197.775704520089,-0.948671617444489,E,L,8
19,185.906546456473,-0.986294555765623,E,L,8
22,201.928274972098,-0.975458611716188,E,L,8
22,227.80282156808,-1.24732219141052,E,L,8
42,206.702096121652,-0.452141702336133,E,L,8
16,200.075422014509,-0.922973435038456,E,L,8
23,193.001883370536,-0.95853162994675,E,L,8
21,200.151715959821,-0.996243079904145,E,L,8
21,219.791957310268,-0.910968782752031,E,L,8
19,258.734566824777,-1.05048242201974,E,L,8
NaN,321.20840890067,NaN,E,L,8
19,-250.08065359933,-0.96701260610566,H,R,8
21,-275.966099330357,-0.94638703528983,H,R,8
17,-316.761561802455,-1.05924501699776,H,R,8
19,-314.113071986607,-1.0692990150876,H,R,8
20,-306.102207728795,0.0979647787479696,H,R,8
21,-247.039794921875,-1.06517663367303,H,R,8
17,-244.162423270089,-1.05135072923927,H,R,8
18,-219.323294503348,-1.01064455886959,H,R,8
14,-257.448468889509,-0.974446939646773,H,R,8
22,-250.821794782366,0.0616911265376911,H,R,8
17,-214.516775948661,-0.972285422232331,H,R,8
21,-218.800136021205,-0.991307217282292,H,R,8
24,-176.010131835938,-0.981756107115188,H,R,8
19,-212.26065499442,-0.922696727795511,H,R,8
21,-153.830392020089,NaN,H,R,8
21,-184.053693498884,-2.04962116423629,H,R,8
23,-175.356183733259,-1.20348793043041,H,R,8
22,-178.854806082589,-0.982343857326437,H,R,8
23,-177.296229771205,-1.03381093967499,H,R,8
24,-193.001883370536,-0.953868559797938,H,R,8
24,-159.846714564732,-0.921211733997642,H,R,8
25,-162.277221679688,-1.02222023838086,H,R,8
23,-170.506068638393,-0.939122020121666,H,R,8
23,-186.29891531808,-1.00201390633328,H,R,8
26,-164.173671177455,-1.04628378032421,H,R,8
24,-162.996564592634,-0.892208420832341,H,R,8
22,-180.598667689732,-0.983419751699782,H,R,8
22,-170.45157296317,-0.997372190450726,H,R,8
23,-158.38623046875,-1.06857616835202,H,R,8
21,-170.364379882813,-0.971525712338946,H,R,8
25,-172.162737165179,-1.05565243669303,H,R,8
23,-144.871303013393,-0.693224617947668,H,R,8
19,-261.829921177455,-1.27637396846964,H,R,8
17,-290.810721261161,-0.892326247164419,H,R,8
18,-237.219674246652,-0.935271674892607,H,R,8
20,-264.413016183036,-0.962568146013015,H,R,8
19,-243.661063058036,-1.01621842841405,H,R,8
19,-291.072300502232,-0.910442924336323,H,R,8
16,-298.222133091518,-1.03584517576956,H,R,8
24,281.034197126116,-0.96701260610566,E,R,8
27,301.579066685268,-0.94638703528983,E,R,8
19,345.62247140067,-1.05924501699776,E,R,8
21,355.551583426339,-1.0692990150876,E,R,8
23,208.980015345982,0.0979647787479696,E,R,8
22,259.334019252232,-1.06517663367303,E,R,8
21,256.031581333705,-1.05135072923927,E,R,8
29,241.459437779018,-1.01064455886959,E,R,8
22,284.750802176339,-0.974446939646773,E,R,8
26,239.170619419643,0.0616911265376911,E,R,8
30,234.353201729911,-0.972285422232331,E,R,8
25,258.854457310268,-0.991307217282292,E,R,8
31,191.290719168527,-0.981756107115188,E,R,8
24,235.007149832589,-0.922696727795511,E,R,8
NaN,174.822126116071,NaN,E,R,8
27,198.756626674107,-2.04962116423629,E,R,8
4,183.10546875,-1.20348793043041,E,R,8
26,204.4677734375,-0.982343857326437,E,R,8
30,195.138113839286,-1.03381093967499,E,R,8
32,214.39688546317,-0.953868559797938,E,R,8
36,185.797555106027,-0.921211733997642,E,R,8
25,185.753958565848,-1.02222023838086,E,R,8
31,202.102661132813,-0.939122020121666,E,R,8
27,200.762067522321,-1.00201390633328,E,R,8
37,178.560529436384,-1.04628378032421,E,R,8
31,186.146327427455,-0.892208420832341,E,R,8
27,205.230712890625,-0.983419751699782,E,R,8
30,193.361554827009,-0.997372190450726,E,R,8
27,173.830304827009,-1.06857616835202,E,R,8
27,184.991019112723,-0.971525712338946,E,R,8
23,194.549560546875,-1.05565243669303,E,R,8
47,155.269077845982,-0.693224617947668,E,R,8
23,299.453735351563,-1.27637396846964,E,R,8
26,314.723423549107,-0.892326247164419,E,R,8
17,267.366681780134,-0.935271674892607,E,R,8
28,302.668980189732,-0.962568146013015,E,R,8
18,287.628173828125,-1.01621842841405,E,R,8
24,218.941824776786,-0.910442924336323,E,R,8
21,329.873221261161,-1.03584517576956,E,R,8
20,-198.549543108259,-0.989408435109011,H,L,9
17,-223.55215890067,-0.95043921510598,H,L,9
11,-239.933558872768,-0.829732609846241,H,L,9
12,-248.609270368304,-0.9182966840734,H,L,9
13,-268.5546875,-0.96121655346937,H,L,9
14,-265.655517578125,-0.922056210577632,H,L,9
15,-262.222290039063,-0.928729791875326,H,L,9
12,-275.475638253348,NaN,H,L,9
14,-179.454258510045,-0.905256560516107,H,L,9
12,-231.889997209821,-0.904936533306695,H,L,9
12,-256.380353655134,-0.865162368415061,H,L,9
19,-226.484026227679,-0.942373731108516,H,L,9
15,-183.094569614955,-0.932748812765144,H,L,9
13,-272.641863141741,-0.661841997539256,H,L,9
15,-275.682721819196,-0.90874283803649,H,L,9
16,-275.006975446429,-0.911567913529941,H,L,9
18,-183.541434151786,-1.25792818997205,H,L,9
14,-293.557303292411,-0.945591860512257,H,L,9
13,-308.761596679688,-0.958050050256177,H,L,9
12,-279.944283621652,NaN,H,L,9
11,-241.86270577567,-0.515663715345167,H,L,9
16,-251.846313476563,-0.957560578999352,H,L,9
15,-233.840942382813,-0.936551904603352,H,L,9
11,-294.04776436942,-0.848511827452323,H,L,9
12,-238.603864397321,NaN,H,L,9
13,-238.407679966518,-1.0005604266675,H,L,9
12,-251.944405691964,-0.879277684474319,H,L,9
15,-228.816441127232,-0.931876455331168,H,L,9
13,-232.086181640625,NaN,H,L,9
15,-229.721069335938,-0.948375205674903,H,L,9
15,-240.990774972098,-0.9282499237019,H,L,9
14,-188.43514578683,-0.933534956215358,H,L,9
17,-228.914533342634,-0.899114975475449,H,L,9
15,-232.740129743304,-0.902743001307284,H,L,9
11,-232.620239257813,NaN,H,L,9
18,-192.838396344866,-0.783459298133065,H,L,9
21,-203.519548688616,NaN,H,L,9
13,-229.753766741071,-0.869258916645884,H,L,9
15,-238.298688616071,-0.981500497860052,H,L,9
14,-218.320574079241,-0.928191477609158,H,L,9
15,-229.982648577009,-0.899393772896487,H,L,9
16,-202.909197126116,-0.929375249721271,H,L,9
14,-243.432181222098,-0.858462415739476,H,L,9
17,-225.786481584821,-0.866477117729658,H,L,9
15,-225.721086774554,-0.802995549118416,H,L,9
10,-234.21151297433,-0.939354830568962,H,L,9
12,-230.353219168527,-0.882366551186778,H,L,9
12,-217.721121651786,-0.859885421445396,H,L,9
13,-220.445905412946,-0.785103392292096,H,L,9
14,-223.672049386161,-0.849404657217886,H,L,9
10,-219.127110072545,-0.849457025655309,H,L,9
13,-199.225289481027,-0.919888077363756,H,L,9
15,-213.383265904018,-0.950872989107755,H,L,9
16,-227.475847516741,NaN,H,L,9
15,-208.892822265625,-0.939738325835748,H,L,9
16,-250.40762765067,-1.34049089684165,H,L,9
15,-222.494942801339,-0.904779157378864,H,L,9
20,175.977434430804,-0.989408435109011,E,L,9
17,184.293474469866,-0.95043921510598,E,L,9
20,193.165370396205,-0.829732609846241,E,L,9
7,196.39151436942,-0.9182966840734,E,L,9
8,210.168021065848,-0.96121655346937,E,L,9
14,223.606654575893,-0.922056210577632,E,L,9
11,205.568586077009,-0.928729791875326,E,L,9
NaN,208.620343889509,NaN,E,L,9
10,145.666939871652,-0.905256560516107,E,L,9
13,175.268990652902,-0.904936533306695,E,L,9
21,212.053571428571,-0.865162368415061,E,L,9
11,185.819353376116,-0.942373731108516,E,L,9
15,153.023856026786,-0.932748812765144,E,L,9
12,214.647565569196,-0.661841997539256,E,L,9
14,216.685703822545,-0.90874283803649,E,L,9
13,225.263323102679,-0.911567913529941,E,L,9
17,150.30997140067,-1.25792818997205,E,L,9
10,246.287754603795,-0.945591860512257,E,L,9
10,271.203177315848,-0.958050050256177,E,L,9
NaN,250.473022460938,NaN,E,L,9
13,190.375191824777,-0.515663715345167,E,L,9
10,196.478707449777,-0.957560578999352,E,L,9
16,186.222621372768,-0.936551904603352,E,L,9
7,251.519339425223,-0.848511827452323,E,L,9
NaN,192.533220563616,NaN,E,L,9
8,194.527762276786,-1.0005604266675,E,L,9
5,204.02090890067,-0.879277684474319,E,L,9
11,196.892874581473,-0.931876455331168,E,L,9
NaN,186.004638671875,NaN,E,L,9
3,183.181762695313,-0.948375205674903,E,L,9
5,195.879255022321,-0.9282499237019,E,L,9
15,151.50887625558,-0.933534956215358,E,L,9
17,192.140851702009,-0.899114975475449,E,L,9
12,192.478724888393,-0.902743001307284,E,L,9
NaN,176.184517996652,NaN,E,L,9
5,168.860299246652,-0.783459298133065,E,L,9
NaN,181.470598493304,NaN,E,L,9
8,187.694004603795,-0.869258916645884,E,L,9
16,201.317923409598,-0.981500497860052,E,L,9
8,186.734880719866,-0.928191477609158,E,L,9
16,191.356113978795,-0.899393772896487,E,L,9
11,169.296264648438,-0.929375249721271,E,L,9
13,203.606741768973,-0.858462415739476,E,L,9
9,185.110909598214,-0.866477117729658,E,L,9
12,191.367013113839,-0.802995549118416,E,L,9
8,193.732125418527,-0.939354830568962,E,L,9
14,180.82754952567,-0.882366551186778,E,L,9
13,178.69131905692,-0.859885421445396,E,L,9
26,175.63956124442,-0.785103392292096,E,L,9
22,174.952915736607,-0.849404657217886,E,L,9
13,177.579607282366,-0.849457025655309,E,L,9
6,159.77042061942,-0.919888077363756,E,L,9
20,173.961094447545,-0.950872989107755,E,L,9
NaN,187.54141671317,NaN,E,L,9
16,178.08096749442,-0.939738325835748,E,L,9
5,208.304268973214,-1.34049089684165,E,L,9
16,183.541434151786,-0.904779157378864,E,L,9
15,-186.691284179688,-0.948698221603698,H,R,9
20,-176.980154854911,-0.833942156953073,H,R,9
18,-186.811174665179,-0.908024389641992,H,R,9
22,-168.533325195313,-1.01320941469758,H,R,9
20,-163.683210100446,-0.962257669801729,H,R,9
18,-171.225411551339,-0.872022553575102,H,R,9
18,-180.838448660714,-0.943897678155359,H,R,9
18,-192.053658621652,-0.912482270571517,H,R,9
20,-197.176252092634,-0.907416355735034,H,R,9
18,-206.342424665179,-0.893007549542997,H,R,9
20,-237.960815429688,-0.900093823424337,H,R,9
19,-225.197928292411,-0.894127776970214,H,R,9
20,-135.792323521205,-0.949061419786012,H,R,9
18,-219.454084123884,-0.721581824250197,H,R,9
19,-219.094412667411,-0.743853333057454,H,R,9
18,-232.718331473214,-0.305176247699152,H,R,9
16,-132.707868303571,-1.09274107860483,H,R,9
19,-193.601335797991,-0.886134763797085,H,R,9
20,-196.587698800223,-0.948897843978497,H,R,9
16,-206.026349748884,0.0348203214039379,H,R,9
18,-192.108154296875,-0.670585462478232,H,R,9
16,-182.320731026786,-0.961353923714061,H,R,9
19,-177.176339285714,-0.977465524164107,H,R,9
21,-194.876534598214,-0.93324570580396,H,R,9
18,-208.533150809152,-0.770185858168479,H,R,9
19,-213.633946010045,-0.987824645870141,H,R,9
20,-204.93643624442,-0.887490544728463,H,R,9
18,-216.500418526786,-0.894695520072993,H,R,9
19,-211.236136300223,-0.968337505955041,H,R,9
19,-240.78369140625,-0.933559784472955,H,R,9
20,-245.52481515067,-0.963046978268033,H,R,9
19,-206.941877092634,-0.944293336987252,H,R,9
19,-238.974434988839,-0.894562565054409,H,R,9
16,-166.429792131696,-0.912684204474766,H,R,9
19,-218.124389648438,-0.899339834242058,H,R,9
16,-163.552420479911,-0.874893899062513,H,R,9
14,-191.650390625,-0.491551140538418,H,R,9
16,-190.669468470982,-0.821351795288061,H,R,9
19,-186.876569475446,-0.986378110046025,H,R,9
21,-181.41610281808,-0.95536587662386,H,R,9
19,-180.838448660714,-0.821638795458767,H,R,9
19,-166.778564453125,-0.954781227921394,H,R,9
17,-212.009974888393,-0.855545353865487,H,R,9
19,-191.399710518973,-0.68275476104561,H,R,9
19,-194.309779575893,-0.62961737099776,H,R,9
17,-206.691196986607,-0.906070495657458,H,R,9
19,-248.369489397321,-0.92677037474315,H,R,9
20,-192.664010184152,-0.876379136683055,H,R,9
22,-192.271641322545,-0.89180681669079,H,R,9
19,-189.35067313058,-0.856010099444094,H,R,9
18,-171.486990792411,-0.853537253628105,H,R,9
20,-163.334437779018,-0.948262156700093,H,R,9
16,-179.170880998884,-0.748054165379324,H,R,9
17,-182.778494698661,-0.993326359572077,H,R,9
19,-210.996355329241,-1.00853631393051,H,R,9
18,-190.28799874442,-1.50737335780226,H,R,9
21,-166.091918945313,-0.956263941883085,H,R,9
17,-168.348039899554,-0.691941173350078,H,R,9
18,-172.751290457589,-1.02599454787691,H,R,9
18,-169.176374162946,-0.898656301928735,H,R,9
20,-143.280029296875,-0.887211236273848,H,R,9
19,-158.211844308036,-0.761324655024196,H,R,9
19,-149.405343191964,-0.894147699665987,H,R,9
22,-149.721418108259,-0.893080572277413,H,R,9
22,-159.029279436384,-0.905365645805045,H,R,9
19,-148.773193359375,-0.87160223434171,H,R,9
21,-165.579659598214,-0.924295164702255,H,R,9
19,-152.849469866071,-0.886087835252429,H,R,9
12,-195.083618164063,-0.905314106885837,H,R,9
17,-186.375209263393,-0.943513565473621,H,R,9
20,-167.803083147321,-0.942917315702975,H,R,9
22,-185.012817382813,-0.921567855455698,H,R,9
24,-188.76211983817,-0.94115003247018,H,R,9
19,-161.143711635045,-0.888698454054189,H,R,9
15,-146.17919921875,0.671012627305071,H,R,9
20,-151.051112583705,-0.913193439646704,H,R,9
21,-164.903913225446,-0.918493377219037,H,R,9
16,-173.557826450893,-0.868913382736935,H,R,9
18,-150.429861886161,-0.854872865913493,H,R,9
19,-173.634120396205,-0.872387050246933,H,R,9
19,-170.800345284598,-0.879154572495007,H,R,9
17,-151.966639927455,-0.741225510596349,H,R,9
20,-153.33993094308,-0.790653351787801,H,R,9
21,-149.993896484375,-0.912804540850805,H,R,9
20,-139.661516462054,-0.897238030725002,H,R,9
21,-143.759591238839,-1.01535996004952,H,R,9
19,-159.74862234933,-0.95238874061401,H,R,9
18,-167.661394391741,-0.831925505368567,H,R,9
19,-176.816667829241,-0.924363251616663,H,R,9
19,195.933750697545,-0.948698221603698,E,R,9
10,189.230782645089,-0.833942156953073,E,R,9
22,197.993687220982,-0.908024389641992,E,R,9
13,175.519670758929,-1.01320941469758,E,R,9
19,173.17635672433,-0.962257669801729,E,R,9
25,182.04825265067,-0.872022553575102,E,R,9
15,177.884783063616,-0.943897678155359,E,R,9
23,194.113595145089,-0.912482270571517,E,R,9
23,202.102661132813,-0.907416355735034,E,R,9
23,209.448678152902,-0.893007549542997,E,R,9
30,226.865495954241,-0.900093823424337,E,R,9
27,226.560320172991,-0.894127776970214,E,R,9
24,149.590628487723,-0.949061419786012,E,R,9
18,221.677507672991,-0.721581824250197,E,R,9
33,221.285138811384,-0.743853333057454,E,R,9
32,229.02352469308,-0.305176247699152,E,R,9
20,153.132847377232,-1.09274107860483,E,R,9
8,193.939208984375,-0.886134763797085,E,R,9
22,202.0263671875,-0.948897843978497,E,R,9
31,208.042689732143,0.0348203214039379,E,R,9
19,197.950090680804,-0.670585462478232,E,R,9
13,184.511457170759,-0.961353923714061,E,R,9
18,178.298950195313,-0.977465524164107,E,R,9
22,189.830235072545,-0.93324570580396,E,R,9
30,195.323399135045,-0.770185858168479,E,R,9
21,195.846557617188,-0.987824645870141,E,R,9
23,206.702096121652,-0.887490544728463,E,R,9
25,216.151646205357,-0.894695520072993,E,R,9
19,213.078090122768,-0.968337505955041,E,R,9
23,225.187029157366,-0.933559784472955,E,R,9
22,238.854544503348,-0.963046978268033,E,R,9
21,203.170776367188,-0.944293336987252,E,R,9
23,229.546683175223,-0.894562565054409,E,R,9
16,180.925641741071,-0.912684204474766,E,R,9
21,216.347830636161,-0.899339834242058,E,R,9
11,171.781267438616,-0.874893899062513,E,R,9
22,185.732160295759,-0.491551140538418,E,R,9
20,187.574114118304,-0.821351795288061,E,R,9
24,193.198067801339,-0.986378110046025,E,R,9
20,180.162702287946,-0.95536587662386,E,R,9
29,177.590506417411,-0.821638795458767,E,R,9
20,168.391636439732,-0.954781227921394,E,R,9
19,201.317923409598,-0.855545353865487,E,R,9
34,182.952880859375,-0.68275476104561,E,R,9
23,189.176286969866,-0.62961737099776,E,R,9
24,196.67489188058,-0.906070495657458,E,R,9
23,166.026524135045,-0.92677037474315,E,R,9
26,185.285295758929,-0.876379136683055,E,R,9
32,186.745779854911,-0.89180681669079,E,R,9
8,179.737636021205,-0.856010099444094,E,R,9
26,175.585065569196,-0.853537253628105,E,R,9
19,161.405290876116,-0.948262156700093,E,R,9
33,181.121826171875,-0.748054165379324,E,R,9
16,179.672241210938,-0.993326359572077,E,R,9
19,201.230730329241,-1.00853631393051,E,R,9
20,183.41064453125,-1.50737335780226,E,R,9
21,167.912074497768,-0.956263941883085,E,R,9
33,172.326224190848,-0.691941173350078,E,R,9
17,169.012887137277,-1.02599454787691,E,R,9
16,163.497924804688,-0.898656301928735,E,R,9
25,151.345389229911,-0.887211236273848,E,R,9
29,164.293561662946,-0.761324655024196,E,R,9
25,155.247279575893,-0.894147699665987,E,R,9
24,160.031999860491,-0.893080572277413,E,R,9
17,168.544224330357,-0.905365645805045,E,R,9
20,156.10831124442,-0.87160223434171,E,R,9
20,166.48428780692,-0.924295164702255,E,R,9
25,160.631452287946,-0.886087835252429,E,R,9
1,207.672119140625,-0.905314106885837,E,R,9
17,189.383370535714,-0.943513565473621,E,R,9
29,173.307146344866,-0.942917315702975,E,R,9
24,181.808471679688,-0.921567855455698,E,R,9
26,181.165422712054,-0.94115003247018,E,R,9
20,151.345389229911,-0.888698454054189,E,R,9
20,162.593296595982,0.671012627305071,E,R,9
12,150.277273995536,-0.913193439646704,E,R,9
23,168.119158063616,-0.918493377219037,E,R,9
20,191.944667271205,-0.868913382736935,E,R,9
24,160.925728934152,-0.854872865913493,E,R,9
26,180.467878069196,-0.872387050246933,E,R,9
24,171.34530203683,-0.879154572495007,E,R,9
30,162.146432059152,-0.741225510596349,E,R,9
33,155.094691685268,-0.790653351787801,E,R,9
24,149.557931082589,-0.912804540850805,E,R,9
23,157.111031668527,-0.897238030725002,E,R,9
22,149.307250976563,-1.01535996004952,E,R,9
16,163.12735421317,-0.95238874061401,E,R,9
20,180.631365094866,-0.831925505368567,E,R,9
21,193.568638392857,-0.924363251616663,E,R,9
14,-295.224870954241,-1.03449734286723,H,L,10
12,-263.584681919643,-0.909877570709631,H,L,10
12,-255.094255719866,-0.974714567992052,H,L,10
18,-263.007027762277,-1.0620060381486,H,L,10
14,-266.854422433036,NaN,H,L,10
15,-246.342250279018,-0.939722055939376,H,L,10
13,-272.423880440848,-0.986750658608632,H,L,10
19,-229.383196149554,-0.98676526114673,H,L,10
15,-253.481183733259,-0.979434811295815,H,L,10
11,-255.039760044643,-0.924405464709994,H,L,10
13,-306.23299734933,-0.967202668266413,H,L,10
19,-261.175973074777,-1.02080444434085,H,L,10
14,-258.985246930804,-0.886814263131091,H,L,10
19,-239.661080496652,-0.963620785914231,H,L,10
13,-260.729108537946,-0.940219963586251,H,L,10
15,-239.933558872768,-0.997315362629046,H,L,10
13,-270.3857421875,-0.942196588734152,H,L,10
12,-294.701712472098,-0.953337011429181,H,L,10
13,-275.094168526786,-0.980943836319139,H,L,10
15,-269.219534737723,-0.879697592317731,H,L,10
12,-297.317504882813,NaN,H,L,10
13,-249.786376953125,-0.955962566394036,H,L,10
14,-278.76717703683,-0.935561963588601,H,L,10
15,-273.230416434152,-1.02603801840451,H,L,10
13,-241.274152483259,-0.948384492097677,H,L,10
13,-263.573782784598,-0.96305664707091,H,L,10
14,-263.072422572545,-0.964651848690871,H,L,10
16,-255.650111607143,-0.938528994446839,H,L,10
11,-273.709978376116,-0.969249821127518,H,L,10
14,-260.947091238839,-0.973424364824851,H,L,10
16,-264.565604073661,-0.99535422690649,H,L,10
12,-264.979771205357,-0.9601066837333,H,L,10
13,-289.110456194196,-0.923096804340699,H,L,10
14,-263.083321707589,-0.890719486958931,H,L,10
10,-275.344848632813,-0.797004780338473,H,L,10
12,-281.982421875,-1.0197719705391,H,L,10
10,-278.560093470982,-0.939811264506283,H,L,10
14,-284.064156668527,-0.974707310323995,H,L,10
18,-243.235996791295,NaN,H,L,10
11,-251.15966796875,-0.945673245005925,H,L,10
12,-247.05069405692,-0.8561171300679,H,L,10
13,-253.710065569196,-1.04706002569528,H,L,10
11,-274.156842912946,-0.874269945175808,H,L,10
14,-296.456473214286,-0.474214224260499,H,L,10
13,-279.769897460938,-1.21224845024898,H,L,10
16,-257.720947265625,-0.914982227603901,H,L,10
15,-253.840855189732,-0.956534952219485,H,L,10
13,-265.306745256696,-0.00687804042022144,H,L,10
16,-254.04793875558,-0.962047135598595,H,L,10
19,-254.898071289063,-1.04212241253655,H,L,10
14,-252.151489257813,-0.983181258792009,H,L,10
14,-250.418526785714,-0.878143757042707,H,L,10
13,-280.325753348214,-0.846237690720515,H,L,10
15,-271.889822823661,-0.953146957204071,H,L,10
19,-259.344918387277,NaN,H,L,10
15,-237.949916294643,-0.868635658234024,H,L,10
16,-250.843593052455,1.06789555006734,H,L,10
11,-274.712698800223,-0.942380892135958,H,L,10
14,-244.216918945313,-0.946691905793451,H,L,10
15,-255.366734095982,-0.898594395961274,H,L,10
15,-254.364013671875,-0.897041599874,H,L,10
12,-265.415736607143,-0.924450959399041,H,L,10
13,-232.751028878348,-0.915813454102606,H,L,10
15,-252.740042550223,-0.860858775376862,H,L,10
13,-260.685511997768,NaN,H,L,10
15,-254.876273018973,-0.847849163778749,H,L,10
12,-272.260393415179,-0.916440888962689,H,L,10
14,-236.707414899554,NaN,H,L,10
17,-256.81631905692,-0.973284666164839,H,L,10
17,-263.802664620536,NaN,H,L,10
7,271.410260881696,-1.03449734286723,E,L,10
14,222.102573939732,-0.909877570709631,E,L,10
16,220.969063895089,-0.974714567992052,E,L,10
19,242.494855608259,-1.0620060381486,E,L,10
NaN,226.080758231027,NaN,E,L,10
11,208.762032645089,-0.939722055939376,E,L,10
12,232.533046177455,-0.986750658608632,E,L,10
13,183.650425502232,-0.98676526114673,E,L,10
17,195.290701729911,-0.979434811295815,E,L,10
13,229.404994419643,-0.924405464709994,E,L,10
8,277.088710239955,-0.967202668266413,E,L,10
18,231.443132672991,-1.02080444434085,E,L,10
19,216.489519391741,-0.886814263131091,E,L,10
21,211.203438895089,-0.963620785914231,E,L,10
16,218.113490513393,-0.940219963586251,E,L,10
16,202.854701450893,-0.997315362629046,E,L,10
10,254.745483398438,-0.942196588734152,E,L,10
0,251.91170828683,-0.953337011429181,E,L,10
13,239.443097795759,-0.980943836319139,E,L,10
6,179.530552455357,-0.879697592317731,E,L,10
NaN,275.508335658482,NaN,E,L,10
14,212.805611746652,-0.955962566394036,E,L,10
12,244.467599051339,-0.935561963588601,E,L,10
11,220.761980329241,-1.02603801840451,E,L,10
18,199.802943638393,-0.948384492097677,E,L,10
12,231.170654296875,-0.96305664707091,E,L,10
16,213.819231305804,-0.964651848690871,E,L,10
14,212.860107421875,-0.938528994446839,E,L,10
12,229.65567452567,-0.969249821127518,E,L,10
14,218.157087053571,-0.973424364824851,E,L,10
15,218.189784458705,-0.99535422690649,E,L,10
15,204.195295061384,-0.9601066837333,E,L,10
14,253.077915736607,-0.923096804340699,E,L,10
6,216.51131766183,-0.890719486958931,E,L,10
16,243.268694196429,-0.797004780338473,E,L,10
18,228.990827287946,-1.0197719705391,E,L,10
10,242.255074637277,-0.939811264506283,E,L,10
0,244.434901646205,-0.974707310323995,E,L,10
NaN,208.936418805804,NaN,E,L,10
15,214.266095842634,-0.945673245005925,E,L,10
16,210.396902901786,-0.8561171300679,E,L,10
17,220.315115792411,-1.04706002569528,E,L,10
12,216.947283063616,-0.874269945175808,E,L,10
11,235.050746372768,-0.474214224260499,E,L,10
13,244.064331054688,-1.21224845024898,E,L,10
18,226.473127092634,-0.914982227603901,E,L,10
14,228.500366210938,-0.956534952219485,E,L,10
48,222.974504743304,-0.00687804042022144,E,L,10
9,224.718366350446,-0.962047135598595,E,L,10
17,230.211530412946,-1.04212241253655,E,L,10
15,207.781110491071,-0.983181258792009,E,L,10
11,209.034511021205,-0.878143757042707,E,L,10
19,236.696515764509,-0.846237690720515,E,L,10
11,237.546648297991,-0.953146957204071,E,L,10
NaN,242.353166852679,NaN,E,L,10
9,199.813842773438,-0.868635658234024,E,L,10
77,207.584926060268,1.06789555006734,E,L,10
12,217.078072684152,-0.942380892135958,E,L,10
17,210.516793387277,-0.946691905793451,E,L,10
21,225.296020507813,-0.898594395961274,E,L,10
18,221.677507672991,-0.897041599874,E,L,10
15,237.241472516741,-0.924450959399041,E,L,10
14,197.797502790179,-0.915813454102606,E,L,10
21,229.993547712054,-0.860858775376862,E,L,10
NaN,229.546683175223,NaN,E,L,10
13,212.282453264509,-0.847849163778749,E,L,10
15,221.448625837054,-0.916440888962689,E,L,10
NaN,194.800240652902,NaN,E,L,10
9,231.039864676339,-0.973284666164839,E,L,10
NaN,239.410400390625,NaN,E,L,10
18,-203.879220145089,-0.998999342900274,H,R,10
20,-185.426984514509,-0.921458300762,H,R,10
15,-190.604073660714,-0.941398708518304,H,R,10
19,-186.800275530134,-1.0730595958464,H,R,10
18,-173.296247209821,-0.919945645123298,H,R,10
18,-185.067313058036,-0.874885187731402,H,R,10
18,-187.323434012277,-0.898089854330071,H,R,10
12,-163.585117885045,-0.985509790578727,H,R,10
17,-227.366856166295,-0.916907954674192,H,R,10
16,-230.898175920759,-0.971585958660134,H,R,10
17,-163.770403180804,-0.923848586884656,H,R,10
18,-190.778459821429,-1.01280317224878,H,R,10
18,-218.636648995536,-0.94748634973237,H,R,10
17,-182.4951171875,-0.683062969358814,H,R,10
21,-175.61776297433,-0.986285905264908,H,R,10
20,-202.538626534598,-1.03760323096947,H,R,10
18,-193.732125418527,-0.935847065178946,H,R,10
18,-194.516863141741,-0.940399206884425,H,R,10
16,-220.108032226563,-0.932599192484784,H,R,10
18,-214.734758649554,-0.913620394558073,H,R,10
19,-200.162615094866,-0.988982965467358,H,R,10
17,-229.18701171875,-0.956428028480963,H,R,10
19,-184.238978794643,-0.946649784642016,H,R,10
19,-222.157069614955,-1.02742460824312,H,R,10
18,-202.157156808036,-0.995654919704969,H,R,10
21,-155.105590820313,-0.977426897632526,H,R,10
18,-210.996355329241,-0.964612177695578,H,R,10
17,-156.969342912946,-0.707567501400503,H,R,10
20,-172.805786132813,-1.00363576041092,H,R,10
16,-160.773141043527,-0.988943420248196,H,R,10
19,-175.508771623884,-1.01298582794049,H,R,10
22,-174.647739955357,-0.900991085471054,H,R,10
17,-174.168178013393,-0.934483360058402,H,R,10
18,-183.050973074777,-0.901463692839631,H,R,10
18,-178.179059709821,-0.844669525757342,H,R,10
18,-183.040073939732,-1.04991648452715,H,R,10
20,-159.857613699777,-0.876141434076053,H,R,10
19,-221.503121512277,-1.01384730183448,H,R,10
19,-179.290771484375,-0.911387444359472,H,R,10
15,-185.99373953683,-0.895294256075189,H,R,10
15,-200.827462332589,-0.811845443958266,H,R,10
18,-218.734741210938,-1.35942801907367,H,R,10
17,-189.317975725446,-0.38512843873088,H,R,10
20,-208.500453404018,-0.269138652509771,H,R,10
19,-166.331699916295,-0.955209656615773,H,R,10
19,-190.538678850446,-0.911341401043695,H,R,10
18,-210.146222795759,-0.72938453392455,H,R,10
15,-227.693830217634,-0.921059162950614,H,R,10
18,-193.437848772321,NaN,H,R,10
20,-203.574044363839,-0.986979441277346,H,R,10
19,-187.82479422433,-1.00899819294423,H,R,10
17,-186.277117047991,-0.846897648047002,H,R,10
18,-213.78653390067,-0.903584047783553,H,R,10
18,-222.843715122768,-0.8478295828107,H,R,10
20,-238.95263671875,-0.701577848652532,H,R,10
20,-178.658621651786,-0.837297384303642,H,R,10
19,-159.944806780134,-0.961502901828573,H,R,10
14,-207.323346819196,-0.954093571606471,H,R,10
18,-194.963727678571,-0.799539474936026,H,R,10
15,-175.63956124442,-0.971091292571055,H,R,10
21,-140.925816127232,-0.915501368284714,H,R,10
22,-220.47860281808,-0.933750404357607,H,R,10
18,-223.039899553571,0.0101367636016887,H,R,10
12,-190.386090959821,-0.861465462017045,H,R,10
15,-176.24991280692,-0.909158160347816,H,R,10
10,211.083548409598,-0.998999342900274,E,R,10
20,204.663957868304,-0.921458300762,E,R,10
26,198.83292061942,-0.941398708518304,E,R,10
24,196.958269391741,-1.0730595958464,E,R,10
19,184.980119977679,-0.919945645123298,E,R,10
27,194.462367466518,-0.874885187731402,E,R,10
28,204.838344029018,-0.898089854330071,E,R,10
11,171.606881277902,-0.985509790578727,E,R,10
26,244.91446358817,-0.916907954674192,E,R,10
10,250.930786132813,-0.971585958660134,E,R,10
23,182.680402483259,-0.923848586884656,E,R,10
18,211.388724190848,-1.01280317224878,E,R,10
15,227.944510323661,-0.94748634973237,E,R,10
33,202.822004045759,-0.683062969358814,E,R,10
17,186.571393694196,-0.986285905264908,E,R,10
18,211.966378348214,-1.03760323096947,E,R,10
14,205.808367047991,-0.935847065178946,E,R,10
28,205.274309430804,-0.940399206884425,E,R,10
22,225.045340401786,-0.932599192484784,E,R,10
10,217.742919921875,-0.913620394558073,E,R,10
11,217.960902622768,-0.988982965467358,E,R,10
13,233.851841517857,-0.956428028480963,E,R,10
20,194.516863141741,-0.946649784642016,E,R,10
17,224.325997488839,-1.02742460824312,E,R,10
23,216.892787388393,-0.995654919704969,E,R,10
16,173.80850655692,-0.977426897632526,E,R,10
16,229.612077985491,-0.964612177695578,E,R,10
35,177.481515066964,-0.707567501400503,E,R,10
17,195.595877511161,-1.00363576041092,E,R,10
15,176.914760044643,-0.988943420248196,E,R,10
17,190.832955496652,-1.01298582794049,E,R,10
16,184.271676199777,-0.900991085471054,E,R,10
15,185.209001813616,-0.934483360058402,E,R,10
19,198.396955217634,-0.901463692839631,E,R,10
23,185.99373953683,-0.844669525757342,E,R,10
19,186.865670340402,-1.04991648452715,E,R,10
29,177.372523716518,-0.876141434076053,E,R,10
13,234.396798270089,-1.01384730183448,E,R,10
24,190.255301339286,-0.911387444359472,E,R,10
22,204.119001116071,-0.895294256075189,E,R,10
23,217.633928571429,-0.811845443958266,E,R,10
16,237.917218889509,-1.35942801907367,E,R,10
40,204.151698521205,-0.38512843873088,E,R,10
24,216.053553989955,-0.269138652509771,E,R,10
6,181.928362165179,-0.955209656615773,E,R,10
22,207.279750279018,-0.911341401043695,E,R,10
35,214.974539620536,-0.72938453392455,E,R,10
23,232.151576450893,-0.921059162950614,E,R,10
NaN,206.069946289063,NaN,E,R,10
25,214.146205357143,-0.986979441277346,E,R,10
19,193.568638392857,-1.00899819294423,E,R,10
27,204.347882952009,-0.846897648047002,E,R,10
22,225.982666015625,-0.903584047783553,E,R,10
27,245.034354073661,-0.8478295828107,E,R,10
36,235.377720424107,-0.701577848652532,E,R,10
23,191.34521484375,-0.837297384303642,E,R,10
19,177.895682198661,-0.961502901828573,E,R,10
13,213.797433035714,-0.954093571606471,E,R,10
30,200.05362374442,-0.799539474936026,E,R,10
14,192.718505859375,-0.971091292571055,E,R,10
20,163.846697126116,-0.915501368284714,E,R,10
22,224.14071219308,-0.933750404357607,E,R,10
61,233.568464006696,0.0101367636016887,E,R,10
18,212.979997907366,-0.861465462017045,E,R,10
18,195.868355887277,-0.909158160347816,E,R,10
42,-174.39705984933,-0.765040387529238,H,L,11
22,-203.835623604911,-0.922589395620532,H,L,11
21,-253.176007952009,-0.891904208454402,H,L,11
26,-207.268851143973,-0.870215165665151,H,L,11
22,-340.303693498884,-0.173548518937884,H,L,11
67,-161.88485281808,-0.63733102130141,H,L,11
23,-204.674857003348,-0.793599064274013,H,L,11
35,131.36727469308,-0.765040387529238,E,L,11
30,165.743146623884,-0.922589395620532,E,L,11
26,193.961007254464,-0.891904208454402,E,L,11
28,157.121930803571,-0.870215165665151,E,L,11
60,275.214059012277,-0.173548518937884,E,L,11
52,125.56893484933,-0.63733102130141,E,L,11
11,170.364379882813,-0.793599064274013,E,L,11
44,-130.909511021205,-0.540495154697883,H,R,11
52,-114.113943917411,-0.968691864567794,H,R,11
41,-88.5336739676339,-0.911290391227216,H,R,11
35,-96.3919503348214,-0.864075828229138,H,R,11
37,-72.3593575613839,-0.865299849952418,H,R,11
35,-107.182094029018,-0.890415033584444,H,R,11
44,-90.8442905970982,-0.908268548819515,H,R,11
28,-157.863071986607,-0.846583958471297,H,R,11
33,-124.969482421875,-0.945787638211052,H,R,11
34,-100.915091378348,-0.735884658029254,H,R,11
NaN,-127.912248883929,NaN,H,R,11
42,-162.65869140625,-0.959853746806115,H,R,11
86,148.097446986607,-0.540495154697883,E,R,11
55,133.176531110491,-0.968691864567794,E,R,11
44,102.495465959821,-0.911290391227216,E,R,11
38,108.740670340402,-0.864075828229138,E,R,11
46,95.1603480747768,-0.865299849952418,E,R,11
38,120.435442243304,-0.890415033584444,E,R,11
54,116.064889090402,-0.908268548819515,E,R,11
33,159.552437918527,-0.846583958471297,E,R,11
36,133.612496512277,-0.945787638211052,E,R,11
45,123.214721679688,-0.735884658029254,E,R,11
68,161.187308175223,NaN,E,R,11
49,167.737688337054,-0.959853746806115,E,R,11
24,-128.675188337054,-0.937440291552403,H,S,1
24,-133.067539760045,-0.886686129043809,H,S,1
22,-137.906755719866,-0.855192576780333,H,S,1
23,-144.500732421875,-0.96638955041915,H,S,1
24,-122.571672712054,-0.855921813063171,H,S,1
22,-155.672345842634,-0.917862075060895,H,S,1
23,-136.184692382813,-0.910750020429619,H,S,1
28,125.906808035714,-0.937440291552403,E,S,1
31,124.217442103795,-0.886686129043809,E,S,1
39,127.39998953683,-0.855192576780333,E,S,1
27,137.394496372768,-0.96638955041915,E,S,1
32,114.288330078125,-0.855921813063171,E,S,1
21,145.677839006696,-0.917862075060895,E,S,1
31,131.301879882813,-0.910750020429619,E,S,1
21,-91.094970703125,-0.692654626173485,H,S,2
21,-80.8606828962054,-0.809005940927253,H,S,2
20,-85.8415876116071,0.272729035967065,H,S,2
23,-125.42724609375,-0.808903183103855,H,S,2
20,-81.1440604073661,-0.814921318309478,H,S,2
18,-76.7299107142857,NaN,H,S,2
22,-96.0976736886161,-0.85961662753067,H,S,2
22,-107.28018624442,-0.877221498585442,H,S,2
0,81.9941929408482,-0.692654626173485,E,S,2
22,68.8062395368304,-0.809005940927253,E,S,2
69,70.7462855747768,0.272729035967065,E,S,2
13,108.980451311384,-0.808903183103855,E,S,2
20,69.7980608258929,-0.814921318309478,E,S,2
NaN,62.6373291015625,NaN,E,S,2
22,84.0432303292411,-0.85961662753067,E,S,2
22,96.6426304408482,-0.877221498585442,E,S,2
24,-127.476283482143,-0.867977628128052,H,S,3
24,-142.96395438058,-0.892763157740676,H,S,3
23,-134.375435965402,-0.881738176969554,H,S,3
21,-146.800449916295,-0.898943378426912,H,S,3
21,-153.230939592634,-0.924908909532436,H,S,3
21,-170.854840959821,-0.855723059338309,H,S,3
24,-159.225463867188,-0.916299082590752,H,S,3
21,-159.269060407366,-0.844073369183723,H,S,3
21,-136.587960379464,-0.883895578601548,H,S,3
24,-151.617867606027,-0.93364044905039,H,S,3
24,112.206595284598,-0.867977628128052,E,S,3
27,131.563459123884,-0.892763157740676,E,S,3
25,117.361886160714,-0.881738176969554,E,S,3
22,136.675153459821,-0.898943378426912,E,S,3
22,144.577026367188,-0.924908909532436,E,S,3
16,159.116472516741,-0.855723059338309,E,S,3
26,146.266392299107,-0.916299082590752,E,S,3
17,148.228236607143,-0.844073369183723,E,S,3
20,126.767839704241,-0.883895578601548,E,S,3
28,142.506190708705,-0.93364044905039,E,S,3
28,-86.3211495535714,-0.958492213145268,H,S,4
27,-88.8170514787946,-0.905354806106233,H,S,4
29,-103.912353515625,-0.97971180356684,H,S,4
32,-87.432861328125,-0.756038724832412,H,S,4
23,-96.5554373604911,-0.951281445183308,H,S,4
30,-93.0459158761161,-0.923017525339757,H,S,4
23,-102.746146065848,-0.902150798519115,H,S,4
27,-92.6099504743304,-0.931795543897528,H,S,4
24,-92.7843366350446,-0.942953430913474,H,S,4
32,-95.6617082868304,-0.933989086383474,H,S,4
29,-113.372802734375,-0.990985261807349,H,S,4
23,-85.5800083705357,-0.940837695968846,H,S,4
28,-89.5254952566964,-0.91684143195971,H,S,4
30,-99.7488839285714,-0.92536876089191,H,S,4
25,-92.8715297154018,-0.825978351401325,H,S,4
32,-83.8579450334821,-0.955709134308403,H,S,4
25,-87.5200544084821,-0.93082992250597,H,S,4
16,-88.1740025111607,-0.910507835495989,H,S,4
26,-75.6726946149554,-0.917860788314351,H,S,4
24,-132.533482142857,-0.947629693949794,H,S,4
30,-87.9233224051339,-0.933603874038059,H,S,4
31,-67.8253173828125,-0.841339351369685,H,S,4
31,-77.4056570870536,-0.96598476061048,H,S,4
32,-75.3675188337054,-0.914674645718871,H,S,4
30,87.9342215401786,-0.958492213145268,E,S,4
22,87.6290457589286,-0.905354806106233,E,S,4
31,101.797921316964,-0.97971180356684,E,S,4
22,84.8170689174107,-0.756038724832412,E,S,4
19,91.0840715680804,-0.951281445183308,E,S,4
25,93.5036795479911,-0.923017525339757,E,S,4
19,94.8987688337054,-0.902150798519115,E,S,4
24,89.3293108258929,-0.931795543897528,E,S,4
19,94.3756103515625,-0.942953430913474,E,S,4
32,90.4519217354911,-0.933989086383474,E,S,4
32,111.672537667411,-0.990985261807349,E,S,4
19,80.3702218191964,-0.940837695968846,E,S,4
33,82.3538643973214,-0.91684143195971,E,S,4
32,93.6344691685268,-0.92536876089191,E,S,4
14,91.094970703125,-0.825978351401325,E,S,4
35,80.3593226841518,-0.955709134308403,E,S,4
17,84.0432303292411,-0.93082992250597,E,S,4
17,80.0105503627232,-0.910507835495989,E,S,4
23,71.9015938895089,-0.917860788314351,E,S,4
24,129.492623465402,-0.947629693949794,E,S,4
34,81.3620431082589,-0.933603874038059,E,S,4
27,60.3485107421875,-0.841339351369685,E,S,4
37,72.3157610212054,-0.96598476061048,E,S,4
29,71.7926025390625,-0.914674645718871,E,S,4
13,-108.50088936942,-0.903455162487397,H,S,5
21,-133.590698242188,-0.861143446235617,H,S,5
18,-119.007655552455,NaN,H,S,5
21,-124.784197126116,-0.873766774970824,H,S,5
18,-134.299142020089,-0.859408093144659,H,S,5
22,-102.942330496652,-0.843406625397278,H,S,5
20,-120.904105050223,NaN,H,S,5
21,-129.786900111607,-0.890344666389842,H,S,5
21,-112.936837332589,-0.790948857430134,H,S,5
22,-82.7462332589286,-0.851080884730896,H,S,5
17,-115.421840122768,-0.851421381968407,H,S,5
19,-113.99405343192,-0.873846845808302,H,S,5
19,-135.80322265625,-0.912154337865445,H,S,5
4,96.3701520647321,-0.903455162487397,E,S,5
24,116.664341517857,-0.861143446235617,E,S,5
NaN,106.03768484933,NaN,E,S,5
22,108.533586774554,-0.873766774970824,E,S,5
21,117.65616280692,-0.859408093144659,E,S,5
22,87.3456682477679,-0.843406625397278,E,S,5
NaN,104.566301618304,NaN,E,S,5
24,115.868704659598,-0.890344666389842,E,S,5
12,100.751604352679,-0.790948857430134,E,S,5
26,71.6618129185268,-0.851080884730896,E,S,5
12,103.737967354911,-0.851421381968407,E,S,5
22,103.509085518973,-0.873846845808302,E,S,5
22,123.835972377232,-0.912154337865445,E,S,5
21,-110.61532156808,-0.808280868469432,H,S,6
12,-74.0378243582589,-0.744025806147654,H,S,6
18,-73.1876918247768,-0.765769769934674,H,S,6
4,-93.994140625,NaN,H,S,6
29,-87.738037109375,-0.778536748179467,H,S,6
20,-97.9832240513393,-0.851787681831927,H,S,6
22,-97.0785958426339,-0.807030985129858,H,S,6
19,-91.094970703125,-0.800593579136969,H,S,6
25,-91.4328438895089,-0.842765392590664,H,S,6
19,-76.1740548270089,-0.555014529962635,H,S,6
24,-91.6508265904018,-0.820132735518905,H,S,6
16,-82.6263427734375,-0.808454610614798,H,S,6
22,-100.184849330357,-0.793186634303486,H,S,6
19,-114.615304129464,NaN,H,S,6
30,87.2802734375,-0.808280868469432,E,S,6
4,57.4820382254464,-0.744025806147654,E,S,6
23,60.3812081473214,-0.765769769934674,E,S,6
NaN,75.7925851004464,NaN,E,S,6
28,71.4220319475446,-0.778536748179467,E,S,6
12,82.3865618024554,-0.851787681831927,E,S,6
24,80.87158203125,-0.807030985129858,E,S,6
19,73.5037667410714,-0.800593579136969,E,S,6
30,77.4383544921875,-0.842765392590664,E,S,6
0,62.2994559151786,-0.555014529962635,E,S,6
25,77.1222795758929,-0.820132735518905,E,S,6
16,65.4384068080357,-0.808454610614798,E,S,6
23,82.5609479631696,-0.793186634303486,E,S,6
NaN,99.5962960379464,NaN,E,S,6
22,-94.2121233258929,-0.643333986876974,H,S,7
24,-81.9723946707589,-0.997396640067548,H,S,7
23,-86.7462158203125,-0.849414006663509,H,S,7
25,-84.5881870814732,-0.80533827085331,H,S,7
25,-88.0323137555804,-0.824765916913398,H,S,7
27,-79.0078299386161,-0.771743788057301,H,S,7
26,-93.5581752232143,-1.39563891833138,H,S,7
26,-91.0295758928571,-0.742704273652357,H,S,7
26,-96.2175641741071,-1.19550238979886,H,S,7
23,-90.0922502790179,-0.978213745794229,H,S,7
25,-104.315621512277,-0.876154220923148,H,S,7
7,81.3184465680804,-0.643333986876974,E,S,7
35,64.8062569754464,-0.997396640067548,E,S,7
25,75.6726946149554,-0.849414006663509,E,S,7
20,74.5827811104911,-0.80533827085331,E,S,7
25,77.2203717912946,-0.824765916913398,E,S,7
21,68.6863490513393,-0.771743788057301,E,S,7
18,78.3647809709821,-1.39563891833138,E,S,7
18,82.4410574776786,-0.742704273652357,E,S,7
25,103.29110281808,-1.19550238979886,E,S,7
28,74.8225620814732,-0.978213745794229,E,S,7
20,89.1222272600446,-0.876154220923148,E,S,7
22,-230.222429547991,-1.07561261126328,H,S,8
23,-226.451328822545,-1.09066184366251,H,S,8
20,-281.404767717634,-1.55222619125277,H,S,8
19,-291.27938406808,-1.0906429270156,H,S,8
21,-279.192243303571,-1.06335034590137,H,S,8
20,-291.421072823661,-1.20088897412435,H,S,8
18,-275.780814034598,-1.10940940959612,H,S,8
20,-300.728934151786,-1.46794928859995,H,S,8
18,-305.350167410714,NaN,H,S,8
22,-220.009940011161,-1.07942972465205,H,S,8
20,-298.287527901786,-1.10217057234413,H,S,8
22,-235.584803989955,-1.0368913356277,H,S,8
20,-257.372174944196,-1.56513622938978,H,S,8
32,228.751046316964,-1.07561261126328,E,S,8
27,242.516653878348,-1.09066184366251,E,S,8
22,287.562779017857,-1.55222619125277,E,S,8
22,312.282017299107,-1.0906429270156,E,S,8
25,284.58731515067,-1.06335034590137,E,S,8
25,302.668980189732,-1.20088897412435,E,S,8
20,288.630894252232,-1.10940940959612,E,S,8
20,292.347499302455,-1.46794928859995,E,S,8
NaN,298.32022530692,NaN,E,S,8
26,236.838204520089,-1.07942972465205,E,S,8
24,320.380074637277,-1.10217057234413,E,S,8
25,237.786429268973,-1.0368913356277,E,S,8
24,258.353097098214,-1.56513622938978,E,S,8
19,-106.386457170759,-0.892157138003927,H,S,9
22,-98.2557024274554,-0.977640198693177,H,S,9
23,-131.69424874442,-1.42336181555719,H,S,9
23,-116.261073521205,-0.947849909638502,H,S,9
19,-117.874145507813,-0.912028423906702,H,S,9
22,-130.996704101563,-1.06263885161156,H,S,9
17,-122.299194335938,-0.786333317943359,H,S,9
19,-127.389090401786,-0.926777896088774,H,S,9
19,-123.868669782366,-0.966764094404569,H,S,9
19,-131.487165178571,-0.928396468102549,H,S,9
19,-134.996686662946,-1.12333888435468,H,S,9
21,-112.642560686384,-0.859501988450437,H,S,9
20,-138.887677873884,-0.963840339237372,H,S,9
17,-125.1220703125,-0.91325130376134,H,S,9
21,-141.721452985491,-1.00119606352232,H,S,9
19,-112.108503069196,-0.70837181413116,H,S,9
20,-107.312883649554,-0.975651817251787,H,S,9
5,102.222987583705,-0.892157138003927,E,S,9
21,90.5282156808036,-0.977640198693177,E,S,9
23,124.239240373884,-1.42336181555719,E,S,9
26,110.092163085938,-0.947849909638502,E,S,9
19,109.503609793527,-0.912028423906702,E,S,9
23,124.81689453125,-1.06263885161156,E,S,9
22,115.476335797991,-0.786333317943359,E,S,9
17,119.389125279018,-0.926777896088774,E,S,9
17,118.702479771205,-0.966764094404569,E,S,9
15,123.029436383929,-0.928396468102549,E,S,9
14,127.814156668527,-1.12333888435468,E,S,9
8,105.688912527902,-0.859501988450437,E,S,9
19,133.470807756696,-0.963840339237372,E,S,9
9,116.5771484375,-0.91325130376134,E,S,9
18,142.626081194196,-1.00119606352232,E,S,9
42,103.280203683036,-0.70837181413116,E,S,9
17,102.266584123884,-0.975651817251787,E,S,9
23,-143.083844866071,-1.06871045532547,H,S,10
24,-157.394409179688,-0.938693096579512,H,S,10
23,-152.805873325893,-0.882776376261712,H,S,10
23,-162.65869140625,-0.886511951946179,H,S,10
22,-164.587838309152,-0.909735616876957,H,S,10
21,-169.296264648438,-0.92345088889592,H,S,10
21,-163.585117885045,-0.891518116485504,H,S,10
19,-178.658621651786,-0.90051308681426,H,S,10
24,-159.356253487723,-0.878899267215303,H,S,10
20,-184.16268484933,NaN,H,S,10
21,-184.740339006696,-0.936683754898738,H,S,10
20,-198.713030133929,-0.839159117834121,H,S,10
23,-180.925641741071,-0.966846703467818,H,S,10
21,-179.58504813058,-0.933970172454492,H,S,10
22,-187.933785574777,-0.947944239290746,H,S,10
21,-190.560477120536,-0.858104618971549,H,S,10
20,-187.345232282366,-0.898428887802222,H,S,10
21,-198.429652622768,NaN,H,S,10
21,-196.326119559152,-1.0984139836434,H,S,10
24,-171.072823660714,-0.914544895158115,H,S,10
22,-181.601388113839,-0.898418448515886,H,S,10
22,-211.279732840402,-0.854456986184615,H,S,10
19,-213.437761579241,-0.911439365286205,H,S,10
21,-198.189871651786,NaN,H,S,10
21,-209.023611886161,-0.171172840261897,H,S,10
23,-209.688459123884,-0.941688279091155,H,S,10
14,134.266444614955,-1.06871045532547,E,S,10
20,155.530657087054,-0.938693096579512,E,S,10
17,152.489798409598,-0.882776376261712,E,S,10
15,154.800415039063,-0.886511951946179,E,S,10
19,157.121930803571,-0.909735616876957,E,S,10
18,166.778564453125,-0.92345088889592,E,S,10
17,152.162824358259,-0.891518116485504,E,S,10
19,169.470650809152,-0.90051308681426,E,S,10
19,148.893083844866,-0.878899267215303,E,S,10
NaN,176.576886858259,NaN,E,S,10
17,179.203578404018,-0.936683754898738,E,S,10
10,192.40243094308,-0.839159117834121,E,S,10
19,185.416085379464,-0.966846703467818,E,S,10
20,176.24991280692,-0.933970172454492,E,S,10
20,184.46786063058,-0.947944239290746,E,S,10
12,184.816632952009,-0.858104618971549,E,S,10
16,180.184500558036,-0.898428887802222,E,S,10
NaN,194.832938058036,NaN,E,S,10
15,192.773001534598,-1.0984139836434,E,S,10
18,167.98836844308,-0.914544895158115,E,S,10
19,172.991071428571,-0.898418448515886,E,S,10
10,212.09716796875,-0.854456986184615,E,S,10
13,211.007254464286,-0.911439365286205,E,S,10
NaN,194.723946707589,NaN,E,S,10
58,206.60400390625,-0.171172840261897,E,S,10
21,206.407819475446,-0.941688279091155,E,S,10
34,-112.533569335938,-0.901498373244606,H,S,11
35,-111.879621233259,-0.936768295881972,H,S,11
19,-96.3592529296875,-0.902468960801661,H,S,11
32,107.476370675223,-0.901498373244606,E,S,11
36,106.419154575893,-0.936768295881972,E,S,11
29,90.3647286551339,-0.902468960801661,E,S,11
