Hs,Es,Hv,Ev,Dir,Loc
18,19,-246.385846819196,190.484183175223,L,1
19,27,-172.326224190848,137.841360909598,L,1
15,22,-169.743129185268,128.686087472098,L,1
19,21,-171.661376953125,134.222848074777,L,1
21,25,-156.467982700893,107.846941266741,L,1
13,15,-191.726684570313,150.658743722098,L,1
14,22,-173.17635672433,119.083949497768,L,1
20,33,-89.2203194754464,104.81698172433,R,1
19,26,-115.552629743304,125.721522739955,R,1
29,NaN,-95.8033970424107,107.291085379464,R,1
18,24,-116.816929408482,123.12752859933,R,1
23,35,-98.876953125,108.598981584821,R,1
7,6,-141.165597098214,100.588117327009,L,2
10,NaN,-171.290806361607,127.737862723214,L,2
9,NaN,-160.576956612723,121.350969587054,L,2
16,6,-164.217267717634,127.127511160714,L,2
15,15,-142.593383789063,106.451851981027,L,2
10,1,-182.233537946429,130.124773297991,L,2
18,21,-137.874058314732,100.217546735491,L,2
15,16,-142.102922712054,101.133074079241,L,2
14,14,-159.334455217634,116.086687360491,L,2
13,11,-144.609723772321,107.792445591518,L,2
9,16,-150.963919503348,110.582624162946,L,2
14,NaN,-122.048514229911,84.4464983258929,L,2
12,11,-157.187325613839,126.320975167411,L,2
20,19,-158.974783761161,129.056658063616,L,2
10,9,-149.285452706473,111.301967075893,L,2
15,17,-137.089320591518,100.217546735491,L,2
9,15,-144.337245396205,103.650774274554,L,2
15,9,-145.590645926339,106.353759765625,L,2
16,15,-161.634172712054,115.901402064732,L,2
0,NaN,-173.961094447545,128.33731515067,L,2
19,14,-143.29092843192,99.2039271763393,L,2
14,17,-138.233729771205,99.2911202566964,L,2
3,26,-188.347952706473,140.021187918527,L,2
19,9,-138.909476143973,110.255650111607,L,2
17,18,-178.037370954241,139.60702078683,L,2
16,NaN,-128.31551688058,91.6072300502232,L,2
18,15,-159.60693359375,117.296491350446,L,2
13,18,-167.061941964286,127.5634765625,L,2
17,9,-169.721330915179,131.628853934152,L,2
10,NaN,-142.102922712054,104.413713727679,L,2
15,18,-146.680559430804,109.765189034598,L,2
13,3,-164.402553013393,119.966779436384,L,2
11,16,-152.359008789063,104.457310267857,L,2
12,NaN,-155.105590820313,114.593505859375,L,2
26,32,-79.3348039899554,88.8606480189732,R,2
34,43,-63.6073521205357,69.2095075334821,R,2
22,27,-107.72705078125,115.955897739955,R,2
21,25,-105.634416852679,117.983136858259,R,2
13,24,-109.874180385045,113.721575055804,R,2
23,33,-75.1386369977679,87.3565673828125,R,2
20,34,-87.4546595982143,95.5527169363839,R,2
22,21,-95.2911376953125,101.667131696429,R,2
10,26,-116.511753627232,118.964059012277,R,2
16,18,-117.02401297433,131.541660853795,R,2
17,23,-109.601702008929,123.12752859933,R,2
19,25,-85.5800083705357,100.729806082589,R,2
5,8,-152.021135602679,147.083827427455,R,2
20,26,-90.4628208705357,101.961408342634,R,2
42,NaN,-47.6510184151786,62.5392368861607,R,2
5,17,-131.465366908482,133.645193917411,R,2
7,20,-146.113804408482,149.797712053571,R,2
17,31,-85.5037144252232,93.0023193359375,R,2
20,27,-95.1930454799107,114.528111049107,R,2
12,24,-125.514439174107,129.013061523438,R,2
21,30,-87.1930803571429,97.3074776785714,R,2
13,27,-142.201014927455,145.557948521205,R,2
25,28,-91.4110456194196,101.569039481027,R,2
22,32,-93.0895124162946,97.4600655691964,R,2
12,18,-133.132934570313,126.451764787946,R,2
15,26,-104.827880859375,114.179338727679,R,2
23,27,-96.6862269810268,106.212071010045,R,2
27,40,-83.6399623325893,91.3892473493304,R,2
17,20,-91.6617257254464,106.103079659598,R,2
33,38,-111.258370535714,96.6644287109375,R,2
28,35,-68.9370291573661,76.9260951450893,R,2
15,18,-96.5227399553571,108.925955636161,R,2
14,12,-202.091761997768,167.563302176339,L,3
13,10,-264.936174665179,217.317853655134,L,3
16,19,-186.985560825893,141.819545200893,L,3
13,13,-184.097290039063,142.244611467634,L,3
18,16,-174.473353794643,134.833199637277,L,3
11,11,-197.75390625,156.228201729911,L,3
19,20,-196.39151436942,170.353480747768,L,3
16,16,-180.21719796317,142.800467354911,L,3
14,16,-195.552280970982,165.906633649554,L,3
14,15,-178.397042410714,136.27188546317,L,3
14,10,-202.211652483259,160.751342773438,L,3
16,19,-152.718680245536,109.525408063616,L,3
13,17,-185.198102678571,142.51708984375,L,3
15,19,-187.726702008929,156.544276646205,L,3
14,11,-196.729387555804,167.149135044643,L,3
16,52,-207.105364118304,163.705008370536,L,3
10,11,-196.609497070313,146.092006138393,L,3
13,11,-205.99365234375,178.680419921875,L,3
16,16,-190.658569335938,161.405290876116,L,3
17,17,-179.672241210938,159.105573381696,L,3
14,18,-181.666782924107,155.225481305804,L,3
8,23,-181.895664760045,139.040265764509,L,3
15,16,-204.598563058036,160.871233258929,L,3
14,20,-171.094621930804,172.620500837054,R,3
18,17,-175.694056919643,172.882080078125,R,3
17,9,-182.364327566964,180.576869419643,R,3
14,15,-179.334368024554,184.02099609375,R,3
23,28,-164.860316685268,155.323573521205,R,3
13,5,-169.688633510045,169.590541294643,R,3
20,24,-176.489693777902,185.786655970982,R,3
19,22,-151.585170200893,176.631382533482,R,3
12,28,-155.519757952009,152.598789760045,R,3
19,29,-154.669625418527,160.936628069196,R,3
18,23,-161.786760602679,166.081019810268,R,3
21,25,-127.879551478795,142.026628766741,R,3
21,29,-183.465140206473,187.23624093192,R,3
13,5,-167.160034179688,174.833025251116,R,3
20,29,-171.465192522321,172.87118094308,R,3
19,22,-159.803118024554,158.52791922433,R,3
24,32,-145.40536063058,162.004743303571,R,3
20,24,-165.067400251116,163.977486746652,R,3
24,28,-111.498151506696,76.9696916852679,L,4
21,4,-115.563528878348,78.7789481026786,L,4
13,18,-125.59073311942,92.7516392299107,L,4
12,15,-108.816964285714,78.125,L,4
19,10,-131.705147879464,94.8987688337054,L,4
27,30,-94.3865094866071,57.8199114118304,L,4
18,23,-104.969569614955,69.4165910993304,L,4
15,22,-150.767735072545,111.618041992188,L,4
22,26,-62.9098074776786,40.6210763113839,L,4
17,23,-91.5745326450893,62.7245221819196,L,4
19,52,-103.705269949777,73.9397321428571,L,4
17,22,-116.228376116071,83.2257952008929,L,4
11,24,-99.3238176618304,71.5419224330357,L,4
17,23,-105.688912527902,81.4928327287946,L,4
22,NaN,-89.9614606584821,58.7790352957589,L,4
24,19,-97.7325439453125,73.6127580915179,L,4
5,89,-109.329223632813,83.1277029854911,L,4
15,14,-129.274640764509,94.2230224609375,L,4
26,29,-90.4301234654018,64.6645682198661,L,4
20,31,-92.010498046875,70.1577322823661,L,4
24,NaN,-88.043212890625,64.0542166573661,L,4
24,29,-103.389195033482,76.8389020647321,L,4
22,24,-99.1276332310268,75.5746023995536,L,4
13,29,-65.4166085379464,42.0379638671875,L,4
16,20,-104.773385184152,62.6809256417411,L,4
26,NaN,-101.525442940848,78.2557896205357,L,4
21,21,-118.059430803571,86.517333984375,L,4
24,25,-102.277483258929,73.1549944196429,L,4
20,27,-96.7734200613839,61.5365164620536,L,4
20,15,-105.939592633929,70.6808907645089,L,4
20,13,-115.705217633929,91.9560023716518,L,4
14,NaN,-123.639787946429,92.6644461495536,L,4
19,8,-95.9450857979911,68.9152308872768,L,4
NaN,74,-67.7490234375,89.9832589285714,R,4
30,30,-50.506591796875,75.6726946149554,R,4
36,26,-60.6645856584821,81.8961007254464,R,4
32,36,-46.9534737723214,68.8934326171875,R,4
33,34,-83.8797433035714,101.76522391183,R,4
43,43,-66.5283203125,94.4628034319196,R,4
88,92,-56.5556117466518,76.9478934151786,R,4
32,29,-61.7218017578125,67.0514787946429,R,4
38,35,-66.5065220424107,88.3156912667411,R,4
25,30,-64.3484933035714,81.9178989955357,R,4
30,25,-85.0677490234375,99.9886648995536,R,4
74,78,-31.4658028738839,53.5038539341518,R,4
54,51,-40.283203125,58.1904820033482,R,4
39,41,-43.1714739118304,62.3757498604911,R,4
23,16,-59.0842110770089,76.4683314732143,R,4
37,38,-47.1932547433036,67.0078822544643,R,4
28,24,-75.37841796875,91.0077776227679,R,4
31,1,-75.4111153738839,99.1930280412946,R,4
37,34,-74.1904122488839,90.4192243303571,R,4
28,30,-58.59375,80.5119105747768,R,4
33,38,-72.2721644810268,95.4655238560268,R,4
72,54,-38.8881138392857,48.2940673828125,R,4
28,34,-81.8198067801339,108.697073800223,R,4
31,34,-81.8634033203125,92.9587227957589,R,4
52,47,-49.6891566685268,68.5446602957589,R,4
25,46,-76.3375418526786,88.2066999162946,R,4
50,45,-45.3839983258929,64.6318708147321,R,4
34,34,-72.7190290178571,90.1685442243304,R,4
62,52,-41.3622174944196,64.239501953125,R,4
23,20,-97.0349993024554,114.375523158482,R,4
26,40,-67.5201416015625,85.906982421875,R,4
15,19,-176.010131835938,135.879516601563,L,5
16,18,-160.228184291295,125.143868582589,L,5
15,15,-162.887573242188,119.127546037946,L,5
15,18,-168.260846819196,137.656075613839,L,5
13,16,-141.797746930804,104.893275669643,L,5
13,21,-140.980311802455,110.811505998884,L,5
15,15,-144.173758370536,109.797886439732,L,5
13,17,-166.17911202567,129.808698381696,L,5
11,14,-138.037545340402,95.8578927176339,L,5
14,23,-172.783987862723,129.154750279018,L,5
18,20,-154.015677315848,103.323800223214,L,5
12,15,-185.928344726563,136.740548270089,L,5
10,22,-200.554983956473,146.200997488839,L,5
17,21,-211.159842354911,151.617867606027,L,5
12,18,-164.315359933036,116.195678710938,L,5
14,15,-162.538800920759,132.566179547991,L,5
10,14,-164.95840890067,134.822300502232,L,5
11,20,-181.546892438616,146.070207868304,L,5
12,14,-175.00741141183,138.931274414063,L,5
15,19,-162.179129464286,132.882254464286,L,5
16,15,-164.358956473214,127.716064453125,L,5
13,12,-161.568777901786,121.427263532366,L,5
13,17,-164.914812360491,132.228306361607,L,5
15,18,-155.726841517857,136.751447405134,L,5
12,5,-188.522338867188,151.388985770089,L,5
15,18,-174.09188406808,130.876813616071,L,5
13,18,-142.135620117188,98.5390799386161,L,5
8,9,-199.181692940848,161.448887416295,L,5
7,9,-158.680507114955,117.667061941964,L,5
16,23,-142.887660435268,106.97501046317,L,5
12,15,-162.375313895089,121.841430664063,L,5
12,12,-168.784005301339,143.792288643973,L,5
11,17,-174.778529575893,138.179234095982,L,5
16,15,-173.710414341518,129.710606166295,L,5
17,18,-167.628696986607,129.416329520089,L,5
16,18,-163.922991071429,136.849539620536,L,5
8,15,-204.347882952009,139.258248465402,L,5
7,NaN,-228.500366210938,154.517037527902,L,5
13,12,-203.236171177455,148.032052176339,L,5
10,15,-200.369698660714,145.241873604911,L,5
11,18,-188.326154436384,149.252755301339,L,5
9,25,-184.969220842634,136.598859514509,L,5
12,13,-169.448852539063,122.571672712054,L,5
24,31,-135.269165039063,96.5336390904018,L,5
14,14,-176.707676478795,141.677856445313,L,5
6,6,-218.767438616071,158.920288085938,L,5
13,NaN,-181.2744140625,134.996686662946,L,5
9,29,-190.298897879464,143.138340541295,L,5
13,17,-180.064610072545,132.58797781808,L,5
8,10,-199.813842773438,154.778616768973,L,5
15,34,-153.372628348214,113.895961216518,L,5
9,0,-203.127179827009,160.805838448661,L,5
10,20,-176.467895507813,129.209245954241,L,5
8,12,-193.841116768973,145.372663225446,L,5
11,10,-169.950212751116,126.702444893973,L,5
13,12,-135.007585797991,89.8633684430804,L,5
14,14,-149.874005998884,117.503574916295,L,5
11,3,-185.38338797433,141.819545200893,L,5
14,12,-169.176374162946,124.489920479911,L,5
13,13,-174.745832170759,187.966482979911,R,5
21,24,-126.713344029018,130.996704101563,R,5
13,15,-175.247192382813,182.63680594308,R,5
8,16,-146.200997488839,156.424386160714,R,5
24,23,-146.386282784598,127.083914620536,R,5
14,15,-154.767717633929,165.928431919643,R,5
17,14,-143.26913016183,158.38623046875,R,5
19,20,-127.901349748884,140.598842075893,R,5
21,24,-137.340000697545,145.786830357143,R,5
17,24,-116.936819893973,126.833234514509,R,5
9,6,-165.296282087054,169.100080217634,R,5
20,23,-127.214704241071,135.726928710938,R,5
17,7,-148.860386439732,159.170968191964,R,5
8,0,-159.051077706473,151.53067452567,R,5
21,22,-118.767874581473,126.637050083705,R,5
22,25,-134.310041155134,139.988490513393,R,5
11,16,-155.345371791295,167.98836844308,R,5
21,28,-136.958530970982,129.86319405692,R,5
19,12,-141.100202287946,157.176426478795,R,5
21,22,-129.198346819196,126.320975167411,R,5
28,26,-107.160295758929,133.623395647321,R,5
9,11,-178.822108677455,179.966517857143,R,5
10,7,-179.247174944196,175.236293247768,R,5
10,16,-144.740513392857,158.070155552455,R,5
9,17,-172.402518136161,168.467930385045,R,5
9,22,-163.617815290179,158.724103655134,R,5
19,31,-132.435389927455,143.203735351563,R,5
18,23,-135.072980608259,144.424438476563,R,5
16,18,-143.57430594308,149.623325892857,R,5
11,15,-168.991088867188,174.680437360491,R,5
15,17,-134.953090122768,149.666922433036,R,5
13,14,-162.887573242188,166.920253208705,R,5
20,18,-149.579729352679,151.497977120536,R,5
16,25,-165.318080357143,159.258161272321,R,5
21,28,-152.816772460938,158.69140625,R,5
16,18,-147.912161690848,157.132829938616,R,5
21,30,-151.290893554688,160.369873046875,R,5
13,14,-153.623308454241,164.010184151786,R,5
21,30,-129.721505301339,139.247349330357,R,5
8,21,-180.446079799107,173.895699637277,R,5
7,5,-225.088936941964,201.143537248884,R,5
20,22,-163.530622209821,176.162719726563,R,5
14,20,-147.062029157366,153.416224888393,R,5
6,16,-158.680507114955,149.754115513393,R,5
22,28,-133.514404296875,135.33455984933,R,5
23,NaN,-142.451695033482,137.688773018973,R,5
16,21,-135.498046875,152.053833007813,R,5
19,22,-104.598999023438,124.849591936384,R,5
6,NaN,-160.130092075893,175.486973353795,R,5
16,26,-142.495291573661,136.762346540179,R,5
19,31,-142.190115792411,146.724155970982,R,5
11,12,-146.157400948661,154.680524553571,R,5
13,16,-166.222708565848,179.628644670759,R,5
19,23,-129.25284249442,137.448992047991,R,5
22,28,-148.413521902902,153.547014508929,R,5
18,48,-124.500819614955,126.909528459821,R,5
24,28,-125.252859933036,142.255510602679,R,5
23,36,-128.413609095982,121.187482561384,R,5
17,30,-138.789585658482,141.568865094866,R,5
20,NaN,-141.43807547433,149.111066545759,R,5
22,30,-106.34286063058,115.171160016741,R,5
23,31,-116.566249302455,127.11661202567,R,5
17,30,-142.222813197545,146.996634347098,R,5
23,40,-140.882219587054,139.825003487723,R,5
20,21,-135.072980608259,138.615199497768,R,5
20,22,-123.356410435268,146.190098353795,R,5
31,41,-113.721575055804,114.473615373884,R,5
2,0,-188.620431082589,182.625906808036,R,5
21,21,-113.612583705357,118.24471609933,R,5
18,26,-117.143903459821,83.5854666573661,L,6
14,13,-114.190237862723,80.2394321986607,L,6
16,19,-117.568969726563,83.0623081752232,L,6
14,40,-171.912057059152,122.778756277902,L,6
16,22,-151.312691824777,105.994088309152,L,6
24,29,-133.699689592634,95.0840541294643,L,6
11,21,-136.446271623884,91.2584577287946,L,6
9,3,-149.754115513393,114.44091796875,L,6
22,22,-138.364519391741,96.2393624441964,L,6
9,0,-173.754010881696,121.590750558036,L,6
14,NaN,-160.184587751116,109.688895089286,L,6
12,13,-181.503295898438,138.266427176339,L,6
14,18,-163.094656808036,109.438214983259,L,6
19,117,-127.607073102679,79.7925676618304,L,6
4,16,-164.685930524554,110.277448381696,L,6
23,24,-138.528006417411,103.094918387277,L,6
16,16,-136.980329241071,95.3456333705357,L,6
17,16,-143.661499023438,102.767944335938,L,6
13,21,-138.08114188058,106.386457170759,L,6
14,20,-137.3291015625,96.4573451450893,L,6
9,19,-146.876743861607,98.9532470703125,L,6
9,25,-160.675048828125,112.555367606027,L,6
8,22,-179.203578404018,113.252912248884,L,6
10,32,-163.955688476563,112.816946847098,L,6
14,14,-149.154663085938,121.176583426339,L,6
12,16,-168.969290597098,114.996773856027,L,6
10,14,-160.348074776786,118.887765066964,L,6
14,NaN,-153.274536132813,113.481794084821,L,6
12,NaN,-160.773141043527,110.833304268973,L,6
19,6,-155.6396484375,114.081246512277,L,6
6,17,-137.645176478795,97.6344517299107,L,6
5,22,-165.71044921875,126.255580357143,L,6
5,6,-169.863019670759,127.530779157366,L,6
13,24,-164.849417550223,131.345476422991,L,6
13,22,-130.47354561942,98.4518868582589,L,6
13,8,-137.013026646205,102.876935686384,L,6
14,NaN,-147.497994559152,116.609845842634,L,6
13,NaN,-141.176496233259,98.7352643694196,L,6
10,0,-169.383457728795,124.588012695313,L,6
15,NaN,-89.7543770926339,90.5500139508929,R,6
16,31,-97.2638811383929,92.2393798828125,R,6
18,21,-110.811505998884,103.716169084821,R,6
22,28,-93.3728899274554,95.7598005022321,R,6
2,10,-115.955897739955,117.93954031808,R,6
9,25,-114.168439592634,114.931379045759,R,6
24,36,-113.296508789063,110.909598214286,R,6
16,22,-88.8933454241071,102.026803152902,R,6
17,21,-93.8742501395089,90.5064174107143,R,6
19,37,-98.6262730189732,105.002267020089,R,6
19,45,-110.288347516741,96.0104806082589,R,6
24,1,-134.353637695313,111.661638532366,R,6
22,28,-119.77059500558,108.021327427455,R,6
14,26,-99.6834891183036,92.1957833426339,R,6
18,27,-99.2257254464286,100.762503487723,R,6
17,51,-102.68075125558,89.2966134207589,R,6
19,20,-115.705217633929,109.569004603795,R,6
17,29,-100.40283203125,101.569039481027,R,6
18,29,-141.797746930804,136.751447405134,R,6
23,28,-116.5771484375,101.285661969866,R,6
20,41,-121.4599609375,115.171160016741,R,6
23,51,-90.0159563337054,78.2884870256696,R,6
27,48,-112.849644252232,102.168491908482,R,6
16,1,-124.860491071429,113.732474190848,R,6
27,30,-95.5527169363839,83.92333984375,R,6
21,21,-98.1467110770089,90.4083251953125,R,6
14,2,-111.977713448661,102.975027901786,R,6
24,NaN,-135.105678013393,117.994035993304,R,6
17,17,-91.6399274553571,102.942330496652,R,6
20,23,-99.9341692243304,104.827880859375,R,6
17,10,-79.2040143694196,79.4655936104911,R,6
22,39,-89.3947056361607,89.2421177455357,R,6
20,31,-128.631591796875,107.846941266741,R,6
22,45,-98.419189453125,93.9396449497768,R,6
20,6,-141.470772879464,121.078491210938,R,6
15,136,-107.934134347098,97.7979387555804,R,6
20,146,-108.33740234375,95.8360944475446,R,6
15,21,-104.588099888393,107.607160295759,R,6
11,28,-107.029506138393,105.416434151786,R,6
13,30,-140.021187918527,138.931274414063,R,6
17,26,-90.3211321149554,97.0894949776786,R,6
5,27,-110.419137137277,105.656215122768,R,6
15,32,-93.4709821428571,102.310180664063,R,6
34,43,-90.2012416294643,81.6890171595982,R,6
11,27,-104.315621512277,112.315586635045,R,6
12,44,-145.688738141741,116.522652762277,L,7
16,20,-166.353498186384,121.92862374442,L,7
17,22,-127.530779157366,100.435529436384,L,7
18,8,-155.574253627232,107.574462890625,L,7
7,11,-139.726911272321,104.130336216518,L,7
11,14,-141.721452985491,109.481811523438,L,7
12,11,-141.143798828125,106.419154575893,L,7
15,45,-142.735072544643,118.538992745536,L,7
16,6,-135.127476283482,105.42733328683,L,7
18,10,-145.503452845982,120.860508510045,L,7
13,22,-154.756818498884,109.765189034598,L,7
13,14,-123.574393136161,86.5936279296875,L,7
6,13,-202.549525669643,147.770472935268,L,7
11,15,-167.160034179688,122.201102120536,L,7
11,16,-155.835832868304,116.010393415179,L,7
14,21,-141.034807477679,94.8115757533482,L,7
13,NaN,-149.514334542411,103.31290108817,L,7
9,NaN,-163.628714425223,125.198364257813,L,7
13,7,-161.677769252232,132.326398577009,L,7
19,16,-168.805803571429,138.146536690848,L,7
12,20,-203.159877232143,177.961077008929,L,7
12,16,-181.884765625,153.66690499442,L,7
11,15,-187.726702008929,158.331734793527,L,7
14,NaN,-228.958129882813,197.350638253348,L,7
13,10,-194.080897739955,171.192714146205,L,7
14,19,-189.307076590402,148.3154296875,L,7
5,22,-152.478899274554,105.765206473214,L,7
15,18,-201.470511300223,173.743111746652,L,7
12,11,-223.802839006696,191.301618303571,L,7
8,8,-195.301600864955,165.961129324777,L,7
11,14,-199.966430664063,179.399762834821,L,7
15,19,-200.064522879464,159.814017159598,L,7
12,NaN,-184.522356305804,150.30997140067,L,7
15,19,-179.170880998884,135.02938406808,L,7
14,18,-151.345389229911,128.62069266183,L,7
18,25,-127.334594726563,80.5555071149554,L,7
14,14,-198.647635323661,156.042916434152,L,7
15,19,-187.901088169643,142.233712332589,L,7
17,22,-141.525268554688,111.988612583705,L,7
12,NaN,-220.118931361607,194.004603794643,L,7
11,16,-210.10262625558,185.143607003348,L,7
13,13,-205.623081752232,178.320748465402,L,7
14,NaN,-214.800153459821,200.696672712054,L,7
13,18,-148.119245256696,103.498186383929,L,7
15,25,-130.964006696429,100.664411272321,L,7
14,6,-123.857770647321,118.985857282366,R,7
16,41,-124.871390206473,126.03759765625,R,7
25,31,-104.67529296875,105.852399553571,R,7
26,34,-112.718854631696,106.680733816964,R,7
20,33,-100.925990513393,98.8006591796875,R,7
19,33,-90.3756277901786,87.8361293247768,R,7
14,44,-107.28018624442,99.8578752790179,R,7
17,34,-102.920532226563,101.198468889509,R,7
17,28,-114.855085100446,102.593558175223,R,7
19,27,-113.242013113839,88.7189592633929,R,7
18,29,-126.048496791295,106.440952845982,R,7
24,35,-100.348336356027,92.5990513392857,R,7
17,19,-113.863263811384,116.184779575893,R,7
21,6,-124.075753348214,95.0186593191964,R,7
22,30,-88.8279506138393,99.3674142020089,R,7
24,26,-90.6154087611607,92.5118582589286,R,7
22,34,-97.5690569196429,99.4982038225446,R,7
20,37,-105.078560965402,108.468191964286,R,7
18,26,-132.89315359933,120.555332728795,R,7
19,29,-102.005004882813,102.451869419643,R,7
18,10,-106.50634765625,111.55264718192,R,7
11,29,-110.462733677455,110.015869140625,R,7
22,17,-100.381033761161,106.495448521205,R,7
20,93,-89.4927978515625,91.1276681082589,R,7
22,39,-113.231113978795,105.274745396205,R,7
24,32,-81.4274379185268,86.3538469587054,R,7
20,27,-91.2039620535714,100.969587053571,R,7
20,NaN,-102.735246930804,108.370099748884,R,7
18,35,-94.3429129464286,96.9042096819196,R,7
22,32,-99.0622384207589,109.329223632813,R,7
24,43,-101.906912667411,104.381016322545,R,7
20,36,-108.228410993304,104.22842843192,R,7
19,35,-119.116646902902,125.830514090402,R,7
21,20,-101.351056780134,106.680733816964,R,7
22,34,-106.866019112723,104.435511997768,R,7
21,51,-124.773297991071,114.168439592634,R,7
16,26,-108.925955636161,111.22567313058,R,7
22,31,-97.0676967075893,110.604422433036,R,7
32,42,-111.977713448661,100.391932896205,R,7
22,114,-105.089460100446,106.549944196429,R,7
20,14,-134.222848074777,117.983136858259,R,7
21,30,-136.980329241071,129.568917410714,R,7
21,18,-138.5498046875,129.263741629464,R,7
21,21,-173.743111746652,171.748570033482,R,7
14,23,-162.19002859933,149.383544921875,R,7
20,22,-114.451817103795,112.228393554688,R,7
19,35,-144.991193498884,135.19287109375,R,7
18,12,-147.628784179688,145.056588309152,R,7
22,25,-142.168317522321,138.735089983259,R,7
22,34,-155.399867466518,150.28817313058,R,7
24,33,-154.680524553571,145.383562360491,R,7
17,25,-150.735037667411,151.53067452567,R,7
18,19,-157.873971121652,162.702287946429,R,7
18,29,-159.214564732143,156.958443777902,R,7
18,34,-149.002075195313,155.19278390067,R,7
19,35,-157.274518694196,155.530657087054,R,7
16,19,-167.454310825893,149.557931082589,R,7
13,21,-170.2880859375,177.764892578125,R,7
20,19,-161.002022879464,159.421648297991,R,7
18,27,-109.056745256696,103.694370814732,R,7
23,21,-102.506365094866,103.90145438058,R,7
18,84,-316.271100725446,242.723737444196,L,8
17,17,-269.045148577009,261.8408203125,L,8
16,24,-362.875802176339,238.887241908482,L,8
17,19,-292.249407087054,287.224905831473,L,8
18,22,-308.761596679688,312.009538922991,L,8
19,21,-256.598336356027,241.513933454241,L,8
18,17,-274.483816964286,238.582066127232,L,8
18,21,-275.835309709821,245.459420340402,L,8
18,19,-276.391165597098,260.652814592634,L,8
13,25,-319.464547293527,267.530168805804,L,8
14,19,-250.047956194196,232.729230608259,L,8
19,23,-241.55752999442,226.124354771205,L,8
16,19,-240.576607840402,216.042654854911,L,8
14,NaN,-271.333966936384,243.007114955357,L,8
15,20,-248.55477469308,231.203351702009,L,8
14,19,-256.413051060268,232.369559151786,L,8
17,21,-238.538469587054,223.475864955357,L,8
16,23,-224.129813058036,200.66397530692,L,8
12,NaN,-263.453892299107,217.75381905692,L,8
15,22,-227.257864815848,199.933733258929,L,8
14,9,-246.58203125,214.222499302455,L,8
15,11,-247.105189732143,213.067190987723,L,8
15,20,-228.903634207589,199.040004185268,L,8
15,22,-233.90633719308,205.928257533482,L,8
14,17,-225.601196289063,196.642194475446,L,8
16,24,-260.707310267857,226.919991629464,L,8
16,NaN,-240.140642438616,217.873709542411,L,8
19,19,-285.699026925223,282.374790736607,L,8
15,NaN,-242.61474609375,189.154488699777,L,8
17,23,-221.481323242188,197.775704520089,L,8
15,19,-217.154366629464,185.906546456473,L,8
17,22,-221.165248325893,201.928274972098,L,8
18,22,-253.502982003348,227.80282156808,L,8
14,42,-253.165108816964,206.702096121652,L,8
16,16,-238.603864397321,200.075422014509,L,8
16,23,-228.41317313058,193.001883370536,L,8
17,21,-229.808262416295,200.151715959821,L,8
17,21,-237.470354352679,219.791957310268,L,8
16,19,-311.595371791295,258.734566824777,L,8
15,NaN,-352.118355887277,321.20840890067,L,8
19,24,-250.08065359933,281.034197126116,R,8
21,27,-275.966099330357,301.579066685268,R,8
17,19,-316.761561802455,345.62247140067,R,8
19,21,-314.113071986607,355.551583426339,R,8
20,23,-306.102207728795,208.980015345982,R,8
21,22,-247.039794921875,259.334019252232,R,8
17,21,-244.162423270089,256.031581333705,R,8
18,29,-219.323294503348,241.459437779018,R,8
14,22,-257.448468889509,284.750802176339,R,8
22,26,-250.821794782366,239.170619419643,R,8
17,30,-214.516775948661,234.353201729911,R,8
21,25,-218.800136021205,258.854457310268,R,8
24,31,-176.010131835938,191.290719168527,R,8
19,24,-212.26065499442,235.007149832589,R,8
21,NaN,-153.830392020089,174.822126116071,R,8
21,27,-184.053693498884,198.756626674107,R,8
23,4,-175.356183733259,183.10546875,R,8
22,26,-178.854806082589,204.4677734375,R,8
23,30,-177.296229771205,195.138113839286,R,8
24,32,-193.001883370536,214.39688546317,R,8
24,36,-159.846714564732,185.797555106027,R,8
25,25,-162.277221679688,185.753958565848,R,8
23,31,-170.506068638393,202.102661132813,R,8
23,27,-186.29891531808,200.762067522321,R,8
26,37,-164.173671177455,178.560529436384,R,8
24,31,-162.996564592634,186.146327427455,R,8
22,27,-180.598667689732,205.230712890625,R,8
22,30,-170.45157296317,193.361554827009,R,8
23,27,-158.38623046875,173.830304827009,R,8
21,27,-170.364379882813,184.991019112723,R,8
25,23,-172.162737165179,194.549560546875,R,8
23,47,-144.871303013393,155.269077845982,R,8
19,23,-261.829921177455,299.453735351563,R,8
17,26,-290.810721261161,314.723423549107,R,8
18,17,-237.219674246652,267.366681780134,R,8
20,28,-264.413016183036,302.668980189732,R,8
19,18,-243.661063058036,287.628173828125,R,8
19,24,-291.072300502232,218.941824776786,R,8
16,21,-298.222133091518,329.873221261161,R,8
20,20,-198.549543108259,175.977434430804,L,9
17,17,-223.55215890067,184.293474469866,L,9
11,20,-239.933558872768,193.165370396205,L,9
12,7,-248.609270368304,196.39151436942,L,9
13,8,-268.5546875,210.168021065848,L,9
14,14,-265.655517578125,223.606654575893,L,9
15,11,-262.222290039063,205.568586077009,L,9
12,NaN,-275.475638253348,208.620343889509,L,9
14,10,-179.454258510045,145.666939871652,L,9
12,13,-231.889997209821,175.268990652902,L,9
12,21,-256.380353655134,212.053571428571,L,9
19,11,-226.484026227679,185.819353376116,L,9
15,15,-183.094569614955,153.023856026786,L,9
13,12,-272.641863141741,214.647565569196,L,9
15,14,-275.682721819196,216.685703822545,L,9
16,13,-275.006975446429,225.263323102679,L,9
18,17,-183.541434151786,150.30997140067,L,9
14,10,-293.557303292411,246.287754603795,L,9
13,10,-308.761596679688,271.203177315848,L,9
12,NaN,-279.944283621652,250.473022460938,L,9
11,13,-241.86270577567,190.375191824777,L,9
16,10,-251.846313476563,196.478707449777,L,9
15,16,-233.840942382813,186.222621372768,L,9
11,7,-294.04776436942,251.519339425223,L,9
12,NaN,-238.603864397321,192.533220563616,L,9
13,8,-238.407679966518,194.527762276786,L,9
12,5,-251.944405691964,204.02090890067,L,9
15,11,-228.816441127232,196.892874581473,L,9
13,NaN,-232.086181640625,186.004638671875,L,9
15,3,-229.721069335938,183.181762695313,L,9
15,5,-240.990774972098,195.879255022321,L,9
14,15,-188.43514578683,151.50887625558,L,9
17,17,-228.914533342634,192.140851702009,L,9
15,12,-232.740129743304,192.478724888393,L,9
11,NaN,-232.620239257813,176.184517996652,L,9
18,5,-192.838396344866,168.860299246652,L,9
21,NaN,-203.519548688616,181.470598493304,L,9
13,8,-229.753766741071,187.694004603795,L,9
15,16,-238.298688616071,201.317923409598,L,9
14,8,-218.320574079241,186.734880719866,L,9
15,16,-229.982648577009,191.356113978795,L,9
16,11,-202.909197126116,169.296264648438,L,9
14,13,-243.432181222098,203.606741768973,L,9
17,9,-225.786481584821,185.110909598214,L,9
15,12,-225.721086774554,191.367013113839,L,9
10,8,-234.21151297433,193.732125418527,L,9
12,14,-230.353219168527,180.82754952567,L,9
12,13,-217.721121651786,178.69131905692,L,9
13,26,-220.445905412946,175.63956124442,L,9
14,22,-223.672049386161,174.952915736607,L,9
10,13,-219.127110072545,177.579607282366,L,9
13,6,-199.225289481027,159.77042061942,L,9
15,20,-213.383265904018,173.961094447545,L,9
16,NaN,-227.475847516741,187.54141671317,L,9
15,16,-208.892822265625,178.08096749442,L,9
16,5,-250.40762765067,208.304268973214,L,9
15,16,-222.494942801339,183.541434151786,L,9
15,19,-186.691284179688,195.933750697545,R,9
20,10,-176.980154854911,189.230782645089,R,9
18,22,-186.811174665179,197.993687220982,R,9
22,13,-168.533325195313,175.519670758929,R,9
20,19,-163.683210100446,173.17635672433,R,9
18,25,-171.225411551339,182.04825265067,R,9
18,15,-180.838448660714,177.884783063616,R,9
18,23,-192.053658621652,194.113595145089,R,9
20,23,-197.176252092634,202.102661132813,R,9
18,23,-206.342424665179,209.448678152902,R,9
20,30,-237.960815429688,226.865495954241,R,9
19,27,-225.197928292411,226.560320172991,R,9
20,24,-135.792323521205,149.590628487723,R,9
18,18,-219.454084123884,221.677507672991,R,9
19,33,-219.094412667411,221.285138811384,R,9
18,32,-232.718331473214,229.02352469308,R,9
16,20,-132.707868303571,153.132847377232,R,9
19,8,-193.601335797991,193.939208984375,R,9
20,22,-196.587698800223,202.0263671875,R,9
16,31,-206.026349748884,208.042689732143,R,9
18,19,-192.108154296875,197.950090680804,R,9
16,13,-182.320731026786,184.511457170759,R,9
19,18,-177.176339285714,178.298950195313,R,9
21,22,-194.876534598214,189.830235072545,R,9
18,30,-208.533150809152,195.323399135045,R,9
19,21,-213.633946010045,195.846557617188,R,9
20,23,-204.93643624442,206.702096121652,R,9
18,25,-216.500418526786,216.151646205357,R,9
19,19,-211.236136300223,213.078090122768,R,9
19,23,-240.78369140625,225.187029157366,R,9
20,22,-245.52481515067,238.854544503348,R,9
19,21,-206.941877092634,203.170776367188,R,9
19,23,-238.974434988839,229.546683175223,R,9
16,16,-166.429792131696,180.925641741071,R,9
19,21,-218.124389648438,216.347830636161,R,9
16,11,-163.552420479911,171.781267438616,R,9
14,22,-191.650390625,185.732160295759,R,9
16,20,-190.669468470982,187.574114118304,R,9
19,24,-186.876569475446,193.198067801339,R,9
21,20,-181.41610281808,180.162702287946,R,9
19,29,-180.838448660714,177.590506417411,R,9
19,20,-166.778564453125,168.391636439732,R,9
17,19,-212.009974888393,201.317923409598,R,9
19,34,-191.399710518973,182.952880859375,R,9
19,23,-194.309779575893,189.176286969866,R,9
17,24,-206.691196986607,196.67489188058,R,9
19,23,-248.369489397321,166.026524135045,R,9
20,26,-192.664010184152,185.285295758929,R,9
22,32,-192.271641322545,186.745779854911,R,9
19,8,-189.35067313058,179.737636021205,R,9
18,26,-171.486990792411,175.585065569196,R,9
20,19,-163.334437779018,161.405290876116,R,9
16,33,-179.170880998884,181.121826171875,R,9
17,16,-182.778494698661,179.672241210938,R,9
19,19,-210.996355329241,201.230730329241,R,9
18,20,-190.28799874442,183.41064453125,R,9
21,21,-166.091918945313,167.912074497768,R,9
17,33,-168.348039899554,172.326224190848,R,9
18,17,-172.751290457589,169.012887137277,R,9
18,16,-169.176374162946,163.497924804688,R,9
20,25,-143.280029296875,151.345389229911,R,9
19,29,-158.211844308036,164.293561662946,R,9
19,25,-149.405343191964,155.247279575893,R,9
22,24,-149.721418108259,160.031999860491,R,9
22,17,-159.029279436384,168.544224330357,R,9
19,20,-148.773193359375,156.10831124442,R,9
21,20,-165.579659598214,166.48428780692,R,9
19,25,-152.849469866071,160.631452287946,R,9
12,1,-195.083618164063,207.672119140625,R,9
17,17,-186.375209263393,189.383370535714,R,9
20,29,-167.803083147321,173.307146344866,R,9
22,24,-185.012817382813,181.808471679688,R,9
24,26,-188.76211983817,181.165422712054,R,9
19,20,-161.143711635045,151.345389229911,R,9
15,20,-146.17919921875,162.593296595982,R,9
20,12,-151.051112583705,150.277273995536,R,9
21,23,-164.903913225446,168.119158063616,R,9
16,20,-173.557826450893,191.944667271205,R,9
18,24,-150.429861886161,160.925728934152,R,9
19,26,-173.634120396205,180.467878069196,R,9
19,24,-170.800345284598,171.34530203683,R,9
17,30,-151.966639927455,162.146432059152,R,9
20,33,-153.33993094308,155.094691685268,R,9
21,24,-149.993896484375,149.557931082589,R,9
20,23,-139.661516462054,157.111031668527,R,9
21,22,-143.759591238839,149.307250976563,R,9
19,16,-159.74862234933,163.12735421317,R,9
18,20,-167.661394391741,180.631365094866,R,9
19,21,-176.816667829241,193.568638392857,R,9
14,7,-295.224870954241,271.410260881696,L,10
12,14,-263.584681919643,222.102573939732,L,10
12,16,-255.094255719866,220.969063895089,L,10
18,19,-263.007027762277,242.494855608259,L,10
14,NaN,-266.854422433036,226.080758231027,L,10
15,11,-246.342250279018,208.762032645089,L,10
13,12,-272.423880440848,232.533046177455,L,10
19,13,-229.383196149554,183.650425502232,L,10
15,17,-253.481183733259,195.290701729911,L,10
11,13,-255.039760044643,229.404994419643,L,10
13,8,-306.23299734933,277.088710239955,L,10
19,18,-261.175973074777,231.443132672991,L,10
14,19,-258.985246930804,216.489519391741,L,10
19,21,-239.661080496652,211.203438895089,L,10
13,16,-260.729108537946,218.113490513393,L,10
15,16,-239.933558872768,202.854701450893,L,10
13,10,-270.3857421875,254.745483398438,L,10
12,0,-294.701712472098,251.91170828683,L,10
13,13,-275.094168526786,239.443097795759,L,10
15,6,-269.219534737723,179.530552455357,L,10
12,NaN,-297.317504882813,275.508335658482,L,10
13,14,-249.786376953125,212.805611746652,L,10
14,12,-278.76717703683,244.467599051339,L,10
15,11,-273.230416434152,220.761980329241,L,10
13,18,-241.274152483259,199.802943638393,L,10
13,12,-263.573782784598,231.170654296875,L,10
14,16,-263.072422572545,213.819231305804,L,10
16,14,-255.650111607143,212.860107421875,L,10
11,12,-273.709978376116,229.65567452567,L,10
14,14,-260.947091238839,218.157087053571,L,10
16,15,-264.565604073661,218.189784458705,L,10
12,15,-264.979771205357,204.195295061384,L,10
13,14,-289.110456194196,253.077915736607,L,10
14,6,-263.083321707589,216.51131766183,L,10
10,16,-275.344848632813,243.268694196429,L,10
12,18,-281.982421875,228.990827287946,L,10
10,10,-278.560093470982,242.255074637277,L,10
14,0,-284.064156668527,244.434901646205,L,10
18,NaN,-243.235996791295,208.936418805804,L,10
11,15,-251.15966796875,214.266095842634,L,10
12,16,-247.05069405692,210.396902901786,L,10
13,17,-253.710065569196,220.315115792411,L,10
11,12,-274.156842912946,216.947283063616,L,10
14,11,-296.456473214286,235.050746372768,L,10
13,13,-279.769897460938,244.064331054688,L,10
16,18,-257.720947265625,226.473127092634,L,10
15,14,-253.840855189732,228.500366210938,L,10
13,48,-265.306745256696,222.974504743304,L,10
16,9,-254.04793875558,224.718366350446,L,10
19,17,-254.898071289063,230.211530412946,L,10
14,15,-252.151489257813,207.781110491071,L,10
14,11,-250.418526785714,209.034511021205,L,10
13,19,-280.325753348214,236.696515764509,L,10
15,11,-271.889822823661,237.546648297991,L,10
19,NaN,-259.344918387277,242.353166852679,L,10
15,9,-237.949916294643,199.813842773438,L,10
16,77,-250.843593052455,207.584926060268,L,10
11,12,-274.712698800223,217.078072684152,L,10
14,17,-244.216918945313,210.516793387277,L,10
15,21,-255.366734095982,225.296020507813,L,10
15,18,-254.364013671875,221.677507672991,L,10
12,15,-265.415736607143,237.241472516741,L,10
13,14,-232.751028878348,197.797502790179,L,10
15,21,-252.740042550223,229.993547712054,L,10
13,NaN,-260.685511997768,229.546683175223,L,10
15,13,-254.876273018973,212.282453264509,L,10
12,15,-272.260393415179,221.448625837054,L,10
14,NaN,-236.707414899554,194.800240652902,L,10
17,9,-256.81631905692,231.039864676339,L,10
17,NaN,-263.802664620536,239.410400390625,L,10
18,10,-203.879220145089,211.083548409598,R,10
20,20,-185.426984514509,204.663957868304,R,10
15,26,-190.604073660714,198.83292061942,R,10
19,24,-186.800275530134,196.958269391741,R,10
18,19,-173.296247209821,184.980119977679,R,10
18,27,-185.067313058036,194.462367466518,R,10
18,28,-187.323434012277,204.838344029018,R,10
12,11,-163.585117885045,171.606881277902,R,10
17,26,-227.366856166295,244.91446358817,R,10
16,10,-230.898175920759,250.930786132813,R,10
17,23,-163.770403180804,182.680402483259,R,10
18,18,-190.778459821429,211.388724190848,R,10
18,15,-218.636648995536,227.944510323661,R,10
17,33,-182.4951171875,202.822004045759,R,10
21,17,-175.61776297433,186.571393694196,R,10
20,18,-202.538626534598,211.966378348214,R,10
18,14,-193.732125418527,205.808367047991,R,10
18,28,-194.516863141741,205.274309430804,R,10
16,22,-220.108032226563,225.045340401786,R,10
18,10,-214.734758649554,217.742919921875,R,10
19,11,-200.162615094866,217.960902622768,R,10
17,13,-229.18701171875,233.851841517857,R,10
19,20,-184.238978794643,194.516863141741,R,10
19,17,-222.157069614955,224.325997488839,R,10
18,23,-202.157156808036,216.892787388393,R,10
21,16,-155.105590820313,173.80850655692,R,10
18,16,-210.996355329241,229.612077985491,R,10
17,35,-156.969342912946,177.481515066964,R,10
20,17,-172.805786132813,195.595877511161,R,10
16,15,-160.773141043527,176.914760044643,R,10
19,17,-175.508771623884,190.832955496652,R,10
22,16,-174.647739955357,184.271676199777,R,10
17,15,-174.168178013393,185.209001813616,R,10
18,19,-183.050973074777,198.396955217634,R,10
18,23,-178.179059709821,185.99373953683,R,10
18,19,-183.040073939732,186.865670340402,R,10
20,29,-159.857613699777,177.372523716518,R,10
19,13,-221.503121512277,234.396798270089,R,10
19,24,-179.290771484375,190.255301339286,R,10
15,22,-185.99373953683,204.119001116071,R,10
15,23,-200.827462332589,217.633928571429,R,10
18,16,-218.734741210938,237.917218889509,R,10
17,40,-189.317975725446,204.151698521205,R,10
20,24,-208.500453404018,216.053553989955,R,10
19,6,-166.331699916295,181.928362165179,R,10
19,22,-190.538678850446,207.279750279018,R,10
18,35,-210.146222795759,214.974539620536,R,10
15,23,-227.693830217634,232.151576450893,R,10
18,NaN,-193.437848772321,206.069946289063,R,10
20,25,-203.574044363839,214.146205357143,R,10
19,19,-187.82479422433,193.568638392857,R,10
17,27,-186.277117047991,204.347882952009,R,10
18,22,-213.78653390067,225.982666015625,R,10
18,27,-222.843715122768,245.034354073661,R,10
20,36,-238.95263671875,235.377720424107,R,10
20,23,-178.658621651786,191.34521484375,R,10
19,19,-159.944806780134,177.895682198661,R,10
14,13,-207.323346819196,213.797433035714,R,10
18,30,-194.963727678571,200.05362374442,R,10
15,14,-175.63956124442,192.718505859375,R,10
21,20,-140.925816127232,163.846697126116,R,10
22,22,-220.47860281808,224.14071219308,R,10
18,61,-223.039899553571,233.568464006696,R,10
12,18,-190.386090959821,212.979997907366,R,10
15,18,-176.24991280692,195.868355887277,R,10
42,35,-174.39705984933,131.36727469308,L,11
22,30,-203.835623604911,165.743146623884,L,11
21,26,-253.176007952009,193.961007254464,L,11
26,28,-207.268851143973,157.121930803571,L,11
22,60,-340.303693498884,275.214059012277,L,11
67,52,-161.88485281808,125.56893484933,L,11
23,11,-204.674857003348,170.364379882813,L,11
44,86,-130.909511021205,148.097446986607,R,11
52,55,-114.113943917411,133.176531110491,R,11
41,44,-88.5336739676339,102.495465959821,R,11
35,38,-96.3919503348214,108.740670340402,R,11
37,46,-72.3593575613839,95.1603480747768,R,11
35,38,-107.182094029018,120.435442243304,R,11
44,54,-90.8442905970982,116.064889090402,R,11
28,33,-157.863071986607,159.552437918527,R,11
33,36,-124.969482421875,133.612496512277,R,11
34,45,-100.915091378348,123.214721679688,R,11
NaN,68,-127.912248883929,161.187308175223,R,11
42,49,-162.65869140625,167.737688337054,R,11
24,28,-128.675188337054,125.906808035714,S,1
24,31,-133.067539760045,124.217442103795,S,1
22,39,-137.906755719866,127.39998953683,S,1
23,27,-144.500732421875,137.394496372768,S,1
24,32,-122.571672712054,114.288330078125,S,1
22,21,-155.672345842634,145.677839006696,S,1
23,31,-136.184692382813,131.301879882813,S,1
21,0,-91.094970703125,81.9941929408482,S,2
21,22,-80.8606828962054,68.8062395368304,S,2
20,69,-85.8415876116071,70.7462855747768,S,2
23,13,-125.42724609375,108.980451311384,S,2
20,20,-81.1440604073661,69.7980608258929,S,2
18,NaN,-76.7299107142857,62.6373291015625,S,2
22,22,-96.0976736886161,84.0432303292411,S,2
22,22,-107.28018624442,96.6426304408482,S,2
24,24,-127.476283482143,112.206595284598,S,3
24,27,-142.96395438058,131.563459123884,S,3
23,25,-134.375435965402,117.361886160714,S,3
21,22,-146.800449916295,136.675153459821,S,3
21,22,-153.230939592634,144.577026367188,S,3
21,16,-170.854840959821,159.116472516741,S,3
24,26,-159.225463867188,146.266392299107,S,3
21,17,-159.269060407366,148.228236607143,S,3
21,20,-136.587960379464,126.767839704241,S,3
24,28,-151.617867606027,142.506190708705,S,3
28,30,-86.3211495535714,87.9342215401786,S,4
27,22,-88.8170514787946,87.6290457589286,S,4
29,31,-103.912353515625,101.797921316964,S,4
32,22,-87.432861328125,84.8170689174107,S,4
23,19,-96.5554373604911,91.0840715680804,S,4
30,25,-93.0459158761161,93.5036795479911,S,4
23,19,-102.746146065848,94.8987688337054,S,4
27,24,-92.6099504743304,89.3293108258929,S,4
24,19,-92.7843366350446,94.3756103515625,S,4
32,32,-95.6617082868304,90.4519217354911,S,4
29,32,-113.372802734375,111.672537667411,S,4
23,19,-85.5800083705357,80.3702218191964,S,4
28,33,-89.5254952566964,82.3538643973214,S,4
30,32,-99.7488839285714,93.6344691685268,S,4
25,14,-92.8715297154018,91.094970703125,S,4
32,35,-83.8579450334821,80.3593226841518,S,4
25,17,-87.5200544084821,84.0432303292411,S,4
16,17,-88.1740025111607,80.0105503627232,S,4
26,23,-75.6726946149554,71.9015938895089,S,4
24,24,-132.533482142857,129.492623465402,S,4
30,34,-87.9233224051339,81.3620431082589,S,4
31,27,-67.8253173828125,60.3485107421875,S,4
31,37,-77.4056570870536,72.3157610212054,S,4
32,29,-75.3675188337054,71.7926025390625,S,4
13,4,-108.50088936942,96.3701520647321,S,5
21,24,-133.590698242188,116.664341517857,S,5
18,NaN,-119.007655552455,106.03768484933,S,5
21,22,-124.784197126116,108.533586774554,S,5
18,21,-134.299142020089,117.65616280692,S,5
22,22,-102.942330496652,87.3456682477679,S,5
20,NaN,-120.904105050223,104.566301618304,S,5
21,24,-129.786900111607,115.868704659598,S,5
21,12,-112.936837332589,100.751604352679,S,5
22,26,-82.7462332589286,71.6618129185268,S,5
17,12,-115.421840122768,103.737967354911,S,5
19,22,-113.99405343192,103.509085518973,S,5
19,22,-135.80322265625,123.835972377232,S,5
21,30,-110.61532156808,87.2802734375,S,6
12,4,-74.0378243582589,57.4820382254464,S,6
18,23,-73.1876918247768,60.3812081473214,S,6
4,NaN,-93.994140625,75.7925851004464,S,6
29,28,-87.738037109375,71.4220319475446,S,6
20,12,-97.9832240513393,82.3865618024554,S,6
22,24,-97.0785958426339,80.87158203125,S,6
19,19,-91.094970703125,73.5037667410714,S,6
25,30,-91.4328438895089,77.4383544921875,S,6
19,0,-76.1740548270089,62.2994559151786,S,6
24,25,-91.6508265904018,77.1222795758929,S,6
16,16,-82.6263427734375,65.4384068080357,S,6
22,23,-100.184849330357,82.5609479631696,S,6
19,NaN,-114.615304129464,99.5962960379464,S,6
22,7,-94.2121233258929,81.3184465680804,S,7
24,35,-81.9723946707589,64.8062569754464,S,7
23,25,-86.7462158203125,75.6726946149554,S,7
25,20,-84.5881870814732,74.5827811104911,S,7
25,25,-88.0323137555804,77.2203717912946,S,7
27,21,-79.0078299386161,68.6863490513393,S,7
26,18,-93.5581752232143,78.3647809709821,S,7
26,18,-91.0295758928571,82.4410574776786,S,7
26,25,-96.2175641741071,103.29110281808,S,7
23,28,-90.0922502790179,74.8225620814732,S,7
25,20,-104.315621512277,89.1222272600446,S,7
22,32,-230.222429547991,228.751046316964,S,8
23,27,-226.451328822545,242.516653878348,S,8
20,22,-281.404767717634,287.562779017857,S,8
19,22,-291.27938406808,312.282017299107,S,8
21,25,-279.192243303571,284.58731515067,S,8
20,25,-291.421072823661,302.668980189732,S,8
18,20,-275.780814034598,288.630894252232,S,8
20,20,-300.728934151786,292.347499302455,S,8
18,NaN,-305.350167410714,298.32022530692,S,8
22,26,-220.009940011161,236.838204520089,S,8
20,24,-298.287527901786,320.380074637277,S,8
22,25,-235.584803989955,237.786429268973,S,8
20,24,-257.372174944196,258.353097098214,S,8
19,5,-106.386457170759,102.222987583705,S,9
22,21,-98.2557024274554,90.5282156808036,S,9
23,23,-131.69424874442,124.239240373884,S,9
23,26,-116.261073521205,110.092163085938,S,9
19,19,-117.874145507813,109.503609793527,S,9
22,23,-130.996704101563,124.81689453125,S,9
17,22,-122.299194335938,115.476335797991,S,9
19,17,-127.389090401786,119.389125279018,S,9
19,17,-123.868669782366,118.702479771205,S,9
19,15,-131.487165178571,123.029436383929,S,9
19,14,-134.996686662946,127.814156668527,S,9
21,8,-112.642560686384,105.688912527902,S,9
20,19,-138.887677873884,133.470807756696,S,9
17,9,-125.1220703125,116.5771484375,S,9
21,18,-141.721452985491,142.626081194196,S,9
19,42,-112.108503069196,103.280203683036,S,9
20,17,-107.312883649554,102.266584123884,S,9
23,14,-143.083844866071,134.266444614955,S,10
24,20,-157.394409179688,155.530657087054,S,10
23,17,-152.805873325893,152.489798409598,S,10
23,15,-162.65869140625,154.800415039063,S,10
22,19,-164.587838309152,157.121930803571,S,10
21,18,-169.296264648438,166.778564453125,S,10
21,17,-163.585117885045,152.162824358259,S,10
19,19,-178.658621651786,169.470650809152,S,10
24,19,-159.356253487723,148.893083844866,S,10
20,NaN,-184.16268484933,176.576886858259,S,10
21,17,-184.740339006696,179.203578404018,S,10
20,10,-198.713030133929,192.40243094308,S,10
23,19,-180.925641741071,185.416085379464,S,10
21,20,-179.58504813058,176.24991280692,S,10
22,20,-187.933785574777,184.46786063058,S,10
21,12,-190.560477120536,184.816632952009,S,10
20,16,-187.345232282366,180.184500558036,S,10
21,NaN,-198.429652622768,194.832938058036,S,10
21,15,-196.326119559152,192.773001534598,S,10
24,18,-171.072823660714,167.98836844308,S,10
22,19,-181.601388113839,172.991071428571,S,10
22,10,-211.279732840402,212.09716796875,S,10
19,13,-213.437761579241,211.007254464286,S,10
21,NaN,-198.189871651786,194.723946707589,S,10
21,58,-209.023611886161,206.60400390625,S,10
23,21,-209.688459123884,206.407819475446,S,10
34,32,-112.533569335938,107.476370675223,S,11
35,36,-111.879621233259,106.419154575893,S,11
19,29,-96.3592529296875,90.3647286551339,S,11
